timestamp;tag;duration;package_0
1625332899.494073;main_start;0.20905518531799316;3471426.0
1625332899.703128;execution-1-2200000-1;145.96393704414368;1540966209.0
1625333045.6670651;endExecution-1-2200000-1;0.004042387008666992;37048.0
1625333045.6711075;execution-1-2200000-2;114.61696696281433;1264190551.0
1625333160.2880745;endExecution-1-2200000-2;0.004029750823974609;36682.0
1625333160.2921042;execution-1-2200000-3;115.0482702255249;1263846679.0
1625333275.3403745;endExecution-1-2200000-3;0.004044294357299805;37536.0
1625333275.3444188;execution-2-2200000-1;58.569833278656006;802312399.0
1625333333.914252;endExecution-2-2200000-1;0.00390625;37720.0
1625333333.9181583;execution-2-2200000-2;58.53887176513672;800663661.0
1625333392.45703;endExecution-2-2200000-2;0.003922939300537109;37719.0
1625333392.460953;execution-2-2200000-3;59.706284523010254;809045537.0
1625333452.1672375;endExecution-2-2200000-3;0.003940105438232422;38513.0
1625333452.1711776;execution-3-2200000-1;40.49963569641113;661748001.0
1625333492.6708133;endExecution-3-2200000-1;0.003937721252441406;36743.0
1625333492.674751;execution-3-2200000-2;40.04099678993225;653770665.0
1625333532.7157478;endExecution-3-2200000-2;0.003965854644775391;36438.0
1625333532.7197137;execution-3-2200000-3;40.202228307724;660131427.0
1625333572.921942;endExecution-3-2200000-3;0.003956317901611328;36194.0
1625333572.9258983;execution-4-2200000-1;35.33448147773743;594884952.0
1625333608.2603798;endExecution-4-2200000-1;0.00394129753112793;38696.0
1625333608.264321;execution-4-2200000-2;38.63957953453064;650779889.0
1625333646.9039006;endExecution-4-2200000-2;0.003943443298339844;36072.0
1625333646.907844;execution-4-2200000-3;38.85228419303894;652298928.0
1625333685.7601283;endExecution-4-2200000-3;0.0038595199584960938;36438.0
1625333685.7639878;execution-5-2200000-1;34.319281339645386;589859208.0
1625333720.0832691;endExecution-5-2200000-1;0.003998279571533203;38025.0
1625333720.0872674;execution-5-2200000-2;33.616307497024536;583449800.0
1625333753.703575;endExecution-5-2200000-2;0.004056453704833984;38330.0
1625333753.7076313;execution-5-2200000-3;37.352004051208496;643512696.0
1625333791.0596354;endExecution-5-2200000-3;0.004076957702636719;37048.0
1625333791.0637124;execution-6-2200000-1;32.78744387626648;582495762.0
1625333823.8511562;endExecution-6-2200000-1;0.004065275192260742;37171.0
1625333823.8552215;execution-6-2200000-2;33.054593563079834;592224802.0
1625333856.909815;endExecution-6-2200000-2;0.004004240036010742;37719.0
1625333856.9138193;execution-6-2200000-3;35.85679054260254;632400603.0
1625333892.7706099;endExecution-6-2200000-3;0.004069328308105469;38513.0
1625333892.7746792;execution-7-2200000-1;33.09154653549194;596676146.0
1625333925.8662257;endExecution-7-2200000-1;0.004008054733276367;38147.0
1625333925.8702338;execution-7-2200000-2;33.261454820632935;595751893.0
1625333959.1316886;endExecution-7-2200000-2;0.004059553146362305;36377.0
1625333959.1357481;execution-7-2200000-3;32.270641565322876;583450532.0
1625333991.4063897;endExecution-7-2200000-3;0.004081249237060547;37476.0
1625333991.410471;execution-8-2200000-1;32.243013858795166;580161967.0
1625334023.6534848;endExecution-8-2200000-1;0.0039234161376953125;37231.0
1625334023.6574082;execution-8-2200000-2;31.361133098602295;569710761.0
1625334055.0185413;endExecution-8-2200000-2;0.004050731658935547;37170.0
1625334055.022592;execution-8-2200000-3;32.16084384918213;581380287.0
1625334087.183436;endExecution-8-2200000-3;0.0051038265228271484;46631.0
1625334087.1885397;execution-1-2100000-1;120.01529669761658;1269119675.0
1625334207.2038364;endExecution-1-2100000-1;0.004189014434814453;45044.0
1625334207.2080255;execution-1-2100000-2;124.70616888999939;1302722190.0
1625334331.9141943;endExecution-1-2100000-2;0.004088163375854492;43823.0
1625334331.9182825;execution-1-2100000-3;120.10984325408936;1266775322.0
1625334452.0281258;endExecution-1-2100000-3;0.004240512847900391;36621.0
1625334452.0323663;execution-2-2100000-1;61.65682101249695;794669047.0
1625334513.6891873;endExecution-2-2100000-1;0.004197597503662109;36194.0
1625334513.693385;execution-2-2100000-2;62.404675006866455;808998783.0
1625334576.09806;endExecution-2-2100000-2;0.004163265228271484;34424.0
1625334576.1022232;execution-2-2100000-3;61.39607882499695;791830492.0
1625334637.498302;endExecution-2-2100000-3;0.004216909408569336;35096.0
1625334637.502519;execution-3-2100000-1;42.48047113418579;657559718.0
1625334679.98299;endExecution-3-2100000-1;0.004174470901489258;44189.0
1625334679.9871645;execution-3-2100000-2;42.67429733276367;661015459.0
1625334722.6614618;endExecution-3-2100000-2;0.004167079925537109;36560.0
1625334722.665629;execution-3-2100000-3;42.01632213592529;650981121.0
1625334764.681951;endExecution-3-2100000-3;0.004183530807495117;35217.0
1625334764.6861346;execution-4-2100000-1;37.396934509277344;598360163.0
1625334802.083069;endExecution-4-2100000-1;0.004183053970336914;35766.0
1625334802.0872521;execution-4-2100000-2;40.3898241519928;642827761.0
1625334842.4770763;endExecution-4-2100000-2;0.004225969314575195;39429.0
1625334842.4813023;execution-4-2100000-3;36.99002194404602;586501428.0
1625334879.4713242;endExecution-4-2100000-3;0.004230499267578125;44312.0
1625334879.4755547;execution-5-2100000-1;39.091696977615356;637038713.0
1625334918.5672517;endExecution-5-2100000-1;0.004210710525512695;36560.0
1625334918.5714624;execution-5-2100000-2;39.37192511558533;631851837.0
1625334957.9433875;endExecution-5-2100000-2;0.004233121871948242;36804.0
1625334957.9476206;execution-5-2100000-3;35.90200734138489;581231728.0
1625334993.849628;endExecution-5-2100000-3;0.004273414611816406;45593.0
1625334993.8539014;execution-6-2100000-1;34.2650101184845;572603087.0
1625335028.1189115;endExecution-6-2100000-1;0.004283905029296875;35950.0
1625335028.1231954;execution-6-2100000-2;34.79904389381409;574727593.0
1625335062.9222393;endExecution-6-2100000-2;0.004189014434814453;35279.0
1625335062.9264283;execution-6-2100000-3;34.23178219795227;577818833.0
1625335097.1582105;endExecution-6-2100000-3;0.0041997432708740234;35705.0
1625335097.1624103;execution-7-2100000-1;33.94926643371582;581460792.0
1625335131.1116767;endExecution-7-2100000-1;0.004249095916748047;36743.0
1625335131.1159258;execution-7-2100000-2;33.221755266189575;570980533.0
1625335164.337681;endExecution-7-2100000-2;0.004218578338623047;35767.0
1625335164.3418996;execution-7-2100000-3;33.25086307525635;570524723.0
1625335197.5927627;endExecution-7-2100000-3;0.0042057037353515625;36316.0
1625335197.5969684;execution-8-2100000-1;32.91924166679382;561085844.0
1625335230.51621;endExecution-8-2100000-1;0.004132747650146484;45349.0
1625335230.5203428;execution-8-2100000-2;32.6559419631958;557500343.0
1625335263.1762848;endExecution-8-2100000-2;0.004227161407470703;44433.0
1625335263.180512;execution-8-2100000-3;44.216928005218506;653843114.0
1625335307.39744;endExecution-8-2100000-3;0.0052564144134521484;53283.0
1625335307.4026964;execution-1-2000000-1;126.37435913085938;1272294534.0
1625335433.7770555;endExecution-1-2000000-1;0.004246711730957031;35339.0
1625335433.7813022;execution-1-2000000-2;126.2389349937439;1273762669.0
1625335560.0202372;endExecution-1-2000000-2;0.0044362545013427734;33081.0
1625335560.0246735;execution-1-2000000-3;126.57146406173706;1272178812.0
1625335686.5961375;endExecution-1-2000000-3;0.00438380241394043;42358.0
1625335686.6005213;execution-2-2000000-1;64.75363159179688;796252844.0
1625335751.354153;endExecution-2-2000000-1;0.004442930221557617;42420.0
1625335751.3585958;execution-2-2000000-2;64.65024018287659;794845011.0
1625335816.008836;endExecution-2-2000000-2;0.004278898239135742;33996.0
1625335816.013115;execution-2-2000000-3;65.49281215667725;803820757.0
1625335881.505927;endExecution-2-2000000-3;0.004456520080566406;34668.0
1625335881.5103836;execution-3-2000000-1;44.76751780509949;644710630.0
1625335926.2779014;endExecution-3-2000000-1;0.00445246696472168;34058.0
1625335926.2823539;execution-3-2000000-2;44.209919452667236;640697212.0
1625335970.4922733;endExecution-3-2000000-2;0.0043680667877197266;33813.0
1625335970.4966414;execution-3-2000000-3;44.33563542366028;646192011.0
1625336014.8322768;endExecution-3-2000000-3;0.004446268081665039;34423.0
1625336014.836723;execution-4-2000000-1;42.772233724594116;630192479.0
1625336057.6089568;endExecution-4-2000000-1;0.004344940185546875;42846.0
1625336057.6133018;execution-4-2000000-2;43.03986620903015;639625499.0
1625336100.653168;endExecution-4-2000000-2;0.004309415817260742;44556.0
1625336100.6574774;execution-4-2000000-3;42.72807502746582;632324980.0
1625336143.3855524;endExecution-4-2000000-3;0.004422426223754883;34607.0
1625336143.3899748;execution-5-2000000-1;37.470184087753296;572808043.0
1625336180.860159;endExecution-5-2000000-1;0.004347562789916992;44311.0
1625336180.8645065;execution-5-2000000-2;40.93455648422241;619896424.0
1625336221.799063;endExecution-5-2000000-2;0.004351139068603516;35522.0
1625336221.803414;execution-5-2000000-3;37.90271043777466;574881219.0
1625336259.7061245;endExecution-5-2000000-3;0.004279613494873047;34606.0
1625336259.7104042;execution-6-2000000-1;35.91774535179138;564187643.0
1625336295.6281495;endExecution-6-2000000-1;0.004418134689331055;34363.0
1625336295.6325676;execution-6-2000000-2;36.40526509284973;567936595.0
1625336332.0378327;endExecution-6-2000000-2;0.004411935806274414;34180.0
1625336332.0422447;execution-6-2000000-3;36.74849224090576;569645087.0
1625336368.790737;endExecution-6-2000000-3;0.004427194595336914;44555.0
1625336368.795164;execution-7-2000000-1;34.99899125099182;559323520.0
1625336403.7941554;endExecution-7-2000000-1;0.0043888092041015625;34851.0
1625336403.7985442;execution-7-2000000-2;34.94486880302429;558338597.0
1625336438.743413;endExecution-7-2000000-2;0.004456281661987305;35278.0
1625336438.7478693;execution-7-2000000-3;34.93266177177429;558822056.0
1625336473.680531;endExecution-7-2000000-3;0.0044078826904296875;34302.0
1625336473.684939;execution-8-2000000-1;34.36428880691528;550827996.0
1625336508.0492277;endExecution-8-2000000-1;0.004326820373535156;33081.0
1625336508.0535545;execution-8-2000000-2;34.23368287086487;548202638.0
1625336542.2872374;endExecution-8-2000000-2;0.004286289215087891;35217.0
1625336542.2915237;execution-8-2000000-3;35.007999658584595;557910254.0
1625336577.2995234;endExecution-8-2000000-3;0.005717277526855469;49133.0
1625336577.3052406;execution-1-1900000-1;132.93759655952454;1280731401.0
1625336710.2428372;endExecution-1-1900000-1;0.004608869552612305;32105.0
1625336710.247446;execution-1-1900000-2;132.8636863231659;1282361524.0
1625336843.1111324;endExecution-1-1900000-2;0.0046007633209228516;32959.0
1625336843.1157331;execution-1-1900000-3;132.98343992233276;1282448438.0
1625336976.099173;endExecution-1-1900000-3;0.004633903503417969;31555.0
1625336976.103807;execution-2-1900000-1;70.49423241615295;814960743.0
1625337046.5980394;endExecution-2-1900000-1;0.004587411880493164;41748.0
1625337046.6026268;execution-2-1900000-2;68.01758241653442;797521579.0
1625337114.6202092;endExecution-2-1900000-2;0.004512310028076172;42114.0
1625337114.6247215;execution-2-1900000-3;68.06475448608398;797790500.0
1625337182.689476;endExecution-2-1900000-3;0.004588603973388672;42236.0
1625337182.6940646;execution-3-1900000-1;47.05593824386597;642386722.0
1625337229.7500029;endExecution-3-1900000-1;0.004620552062988281;35217.0
1625337229.7546234;execution-3-1900000-2;47.58995223045349;646892631.0
1625337277.3445756;endExecution-3-1900000-2;0.004448652267456055;40711.0
1625337277.3490243;execution-3-1900000-3;46.55097961425781;635143942.0
1625337323.900004;endExecution-3-1900000-3;0.004586219787597656;34485.0
1625337323.9045901;execution-4-1900000-1;45.25925302505493;629105934.0
1625337369.1638432;endExecution-4-1900000-1;0.004585742950439453;41503.0
1625337369.168429;execution-4-1900000-2;44.91079020500183;625621568.0
1625337414.079219;endExecution-4-1900000-2;0.004604339599609375;33203.0
1625337414.0838234;execution-4-1900000-3;43.75272512435913;608785001.0
1625337457.8365486;endExecution-4-1900000-3;0.0045604705810546875;33509.0
1625337457.841109;execution-5-1900000-1;43.21895718574524;616071176.0
1625337501.0600662;endExecution-5-1900000-1;0.004619121551513672;42053.0
1625337501.0646853;execution-5-1900000-2;39.263596296310425;563602562.0
1625337540.3282816;endExecution-5-1900000-2;0.004395484924316406;41625.0
1625337540.3326771;execution-5-1900000-3;43.13817048072815;615413525.0
1625337583.4708476;endExecution-5-1900000-3;0.004602670669555664;33142.0
1625337583.4754503;execution-6-1900000-1;38.441771030426025;565641802.0
1625337621.9172213;endExecution-6-1900000-1;0.004584312438964844;42053.0
1625337621.9218056;execution-6-1900000-2;41.5963876247406;609391994.0
1625337663.5181932;endExecution-6-1900000-2;0.0045816898345947266;41138.0
1625337663.522775;execution-6-1900000-3;37.93552923202515;560178986.0
1625337701.4583042;endExecution-6-1900000-3;0.004636287689208984;41443.0
1625337701.4629405;execution-7-1900000-1;36.97338104248047;557588355.0
1625337738.4363215;endExecution-7-1900000-1;0.004559755325317383;41137.0
1625337738.4408813;execution-7-1900000-2;37.0878791809082;560258332.0
1625337775.5287604;endExecution-7-1900000-2;0.004517793655395508;41259.0
1625337775.5332782;execution-7-1900000-3;37.1321804523468;556841776.0
1625337812.6654587;endExecution-7-1900000-3;0.004612922668457031;42236.0
1625337812.6700716;execution-8-1900000-1;36.11224603652954;546402410.0
1625337848.7823176;endExecution-8-1900000-1;0.0044934749603271484;33630.0
1625337848.786811;execution-8-1900000-2;36.17896056175232;547136478.0
1625337884.9657717;endExecution-8-1900000-2;0.0045015811920166016;43151.0
1625337884.9702733;execution-8-1900000-3;36.114428758621216;545096872.0
1625337921.084702;endExecution-8-1900000-3;0.005839347839355469;48156.0
1625337921.0905414;execution-1-1800000-1;140.0415380001068;1289613825.0
1625338061.1320794;endExecution-1-1800000-1;0.004822731018066406;39368.0
1625338061.136902;execution-1-1800000-2;140.33730554580688;1285434453.0
1625338201.4742076;endExecution-1-1800000-2;0.004677772521972656;39612.0
1625338201.4788854;execution-1-1800000-3;140.05272316932678;1283271983.0
1625338341.5316086;endExecution-1-1800000-3;0.004881620407104492;38757.0
1625338341.5364902;execution-2-1800000-1;71.57101893424988;792762314.0
1625338413.1075091;endExecution-2-1800000-1;0.004744768142700195;30945.0
1625338413.112254;execution-2-1800000-2;71.70223951339722;795044779.0
1625338484.8144934;endExecution-2-1800000-2;0.004668235778808594;39978.0
1625338484.8191617;execution-2-1800000-3;71.87153172492981;800929773.0
1625338556.6906934;endExecution-2-1800000-3;0.00479435920715332;31616.0
1625338556.6954877;execution-3-1800000-1;49.64853096008301;639496715.0
1625338606.3440187;endExecution-3-1800000-1;0.004890918731689453;38452.0
1625338606.3489096;execution-3-1800000-2;53.422425746917725;666091312.0
1625338659.7713354;endExecution-3-1800000-2;0.004860639572143555;40711.0
1625338659.776196;execution-3-1800000-3;49.564581871032715;637072893.0
1625338709.3407779;endExecution-3-1800000-3;0.004915475845336914;41015.0
1625338709.3456933;execution-4-1800000-1;48.19128370285034;628885536.0
1625338757.536977;endExecution-4-1800000-1;0.004824638366699219;40344.0
1625338757.5418017;execution-4-1800000-2;44.012619972229004;582724583.0
1625338801.5544217;endExecution-4-1800000-2;0.0048449039459228516;39551.0
1625338801.5592666;execution-4-1800000-3;46.101239919662476;605547094.0
1625338847.6605065;endExecution-4-1800000-3;0.004888296127319336;41138.0
1625338847.6653948;execution-5-1800000-1;45.988399028778076;617416083.0
1625338893.6537938;endExecution-5-1800000-1;0.004884004592895508;39978.0
1625338893.6586778;execution-5-1800000-2;45.55977010726929;614988843.0
1625338939.218448;endExecution-5-1800000-2;0.0047643184661865234;40649.0
1625338939.2232122;execution-5-1800000-3;41.68786334991455;563867453.0
1625338980.9110756;endExecution-5-1800000-3;0.004860639572143555;39856.0
1625338980.9159362;execution-6-1800000-1;40.49617528915405;559387423.0
1625339021.4121115;endExecution-6-1800000-1;0.0047206878662109375;39490.0
1625339021.4168322;execution-6-1800000-2;39.94612145423889;556423563.0
1625339061.3629537;endExecution-6-1800000-2;0.0048220157623291016;31677.0
1625339061.3677757;execution-6-1800000-3;40.053062200546265;557686256.0
1625339101.4208379;endExecution-6-1800000-3;0.004876613616943359;42907.0
1625339101.4257145;execution-7-1800000-1;38.84416055679321;551635124.0
1625339140.269875;endExecution-7-1800000-1;0.00487065315246582;41381.0
1625339140.2747457;execution-7-1800000-2;39.40612769126892;558331518.0
1625339179.6808734;endExecution-7-1800000-2;0.00481867790222168;39184.0
1625339179.685692;execution-7-1800000-3;39.02988862991333;554663131.0
1625339218.7155807;endExecution-7-1800000-3;0.004735231399536133;41809.0
1625339218.720316;execution-8-1800000-1;38.52326536178589;549137816.0
1625339257.2435813;endExecution-8-1800000-1;0.004823923110961914;39794.0
1625339257.2484052;execution-8-1800000-2;38.6220760345459;551795341.0
1625339295.8704813;endExecution-8-1800000-2;0.004809856414794922;32104.0
1625339295.875291;execution-8-1800000-3;38.3075156211853;546410345.0
1625339334.1828067;endExecution-8-1800000-3;0.006127834320068359;46325.0
1625339334.1889346;execution-1-1700000-1;148.3642110824585;1299896147.0
1625339482.5531456;endExecution-1-1700000-1;0.005077362060546875;38575.0
1625339482.558223;execution-1-1700000-2;148.3337743282318;1298905305.0
1625339630.8919973;endExecution-1-1700000-2;0.005037784576416016;45105.0
1625339630.8970351;execution-1-1700000-3;148.44614362716675;1304851334.0
1625339779.3431787;endExecution-1-1700000-3;0.0050165653228759766;38391.0
1625339779.3481953;execution-2-1700000-1;76.93340969085693;807247324.0
1625339856.281605;endExecution-2-1700000-1;0.005106449127197266;38269.0
1625339856.2867115;execution-2-1700000-2;76.0185694694519;799750943.0
1625339932.305281;endExecution-2-1700000-2;0.0049591064453125;37658.0
1625339932.31024;execution-2-1700000-3;77.25672221183777;811060302.0
1625340009.5669622;endExecution-2-1700000-3;0.0052754878997802734;36682.0
1625340009.5722377;execution-3-1700000-1;51.79161310195923;632213103.0
1625340061.3638508;endExecution-3-1700000-1;0.005124330520629883;48706.0
1625340061.3689752;execution-3-1700000-2;53.098180294036865;644553404.0
1625340114.4671555;endExecution-3-1700000-2;0.0051000118255615234;38696.0
1625340114.4722555;execution-3-1700000-3;51.97578978538513;632685453.0
1625340166.4480453;endExecution-3-1700000-3;0.005101919174194336;39368.0
1625340166.4531472;execution-4-1700000-1;50.806270599365234;634267968.0
1625340217.2594178;endExecution-4-1700000-1;0.004938602447509766;37415.0
1625340217.2643564;execution-4-1700000-2;46.364283323287964;580031047.0
1625340263.6286397;endExecution-4-1700000-2;0.005040645599365234;38085.0
1625340263.6336803;execution-4-1700000-3;45.944055795669556;576488515.0
1625340309.5777361;endExecution-4-1700000-3;0.005129814147949219;38452.0
1625340309.582866;execution-5-1700000-1;43.59068489074707;562385828.0
1625340353.1735508;endExecution-5-1700000-1;0.005151987075805664;46814.0
1625340353.1787028;execution-5-1700000-2;43.92220139503479;563607139.0
1625340397.1009042;endExecution-5-1700000-2;0.0050699710845947266;38208.0
1625340397.1059742;execution-5-1700000-3;48.70096278190613;619542786.0
1625340445.806937;endExecution-5-1700000-3;0.005143165588378906;37171.0
1625340445.8120801;execution-6-1700000-1;46.66009545326233;609049588.0
1625340492.4721756;endExecution-6-1700000-1;0.005088329315185547;38757.0
1625340492.477264;execution-6-1700000-2;42.40281677246094;557622474.0
1625340534.8800807;endExecution-6-1700000-2;0.005109548568725586;39795.0
1625340534.8851902;execution-6-1700000-3;42.75469398498535;558083959.0
1625340577.6398842;endExecution-6-1700000-3;0.005136966705322266;38147.0
1625340577.6450212;execution-7-1700000-1;41.046815156936646;551558464.0
1625340618.6918364;endExecution-7-1700000-1;0.005093097686767578;37902.0
1625340618.6969295;execution-7-1700000-2;40.97352123260498;549869137.0
1625340659.6704507;endExecution-7-1700000-2;0.0051190853118896484;37720.0
1625340659.6755698;execution-7-1700000-3;41.047303915023804;549984859.0
1625340700.7228737;endExecution-7-1700000-3;0.0051174163818359375;38269.0
1625340700.727991;execution-8-1700000-1;49.52832818031311;605385962.0
1625340750.2563193;endExecution-8-1700000-1;0.004989147186279297;39429.0
1625340750.2613084;execution-8-1700000-2;40.5517315864563;544197703.0
1625340790.81304;endExecution-8-1700000-2;0.005150556564331055;39612.0
1625340790.8181906;execution-8-1700000-3;40.58421969413757;544324778.0
1625340831.4024103;endExecution-8-1700000-3;0.006917238235473633;51148.0
1625340831.4093275;execution-1-1500000-1;168.8547534942627;1367375467.0
1625341000.264081;endExecution-1-1500000-1;0.005758762359619141;42907.0
1625341000.2698398;execution-1-1500000-2;168.25221729278564;1363118581.0
1625341168.522057;endExecution-1-1500000-2;0.0057294368743896484;41626.0
1625341168.5277865;execution-1-1500000-3;168.35571360588074;1362861440.0
1625341336.8835;endExecution-1-1500000-3;0.00550079345703125;43030.0
1625341336.889001;execution-2-1500000-1;86.0686240196228;818274394.0
1625341422.957625;endExecution-2-1500000-1;0.005761623382568359;43030.0
1625341422.9633865;execution-2-1500000-2;86.38755011558533;818867166.0
1625341509.3509367;endExecution-2-1500000-2;0.00574040412902832;43030.0
1625341509.356677;execution-2-1500000-3;86.56614542007446;820391515.0
1625341595.9228225;endExecution-2-1500000-3;0.005726814270019531;42664.0
1625341595.9285493;execution-3-1500000-1;58.792860984802246;637911453.0
1625341654.7214103;endExecution-3-1500000-1;0.005590915679931641;41565.0
1625341654.7270012;execution-3-1500000-2;59.79017877578735;648235462.0
1625341714.51718;endExecution-3-1500000-2;0.0058629512786865234;41687.0
1625341714.523043;execution-3-1500000-3;59.456815242767334;644458311.0
1625341773.9798582;endExecution-3-1500000-3;0.005811214447021484;35827.0
1625341773.9856694;execution-4-1500000-1;53.84532284736633;599310478.0
1625341827.8309922;endExecution-4-1500000-1;0.005812644958496094;34973.0
1625341827.8368049;execution-4-1500000-2;57.04993438720703;635722249.0
1625341884.8867393;endExecution-4-1500000-2;0.0058057308197021484;41870.0
1625341884.892545;execution-4-1500000-3;57.61615228652954;638744764.0
1625341942.5086973;endExecution-4-1500000-3;0.0059680938720703125;42908.0
1625341942.5146654;execution-5-1500000-1;49.490840435028076;566872816.0
1625341992.0055058;endExecution-5-1500000-1;0.0057964324951171875;44128.0
1625341992.0113022;execution-5-1500000-2;52.37385153770447;595182131.0
1625342044.3851538;endExecution-5-1500000-2;0.005693674087524414;46326.0
1625342044.3908474;execution-5-1500000-3;53.64876747131348;608264251.0
1625342098.039615;endExecution-5-1500000-3;0.005753040313720703;35767.0
1625342098.045368;execution-6-1500000-1;48.191028356552124;560678557.0
1625342146.2363963;endExecution-6-1500000-1;0.005723476409912109;43579.0
1625342146.2421198;execution-6-1500000-2;48.944939613342285;567104261.0
1625342195.1870594;endExecution-6-1500000-2;0.005754709243774414;43152.0
1625342195.192814;execution-6-1500000-3;52.802053689956665;615059582.0
1625342247.9948678;endExecution-6-1500000-3;0.005781650543212891;43030.0
1625342248.0006495;execution-7-1500000-1;47.17978119850159;562098537.0
1625342295.1804307;endExecution-7-1500000-1;0.0057659149169921875;43457.0
1625342295.1861966;execution-7-1500000-2;47.36662292480469;564117818.0
1625342342.5528195;endExecution-7-1500000-2;0.005804300308227539;42969.0
1625342342.5586238;execution-7-1500000-3;46.657904386520386;557074807.0
1625342389.2165282;endExecution-7-1500000-3;0.005722761154174805;43823.0
1625342389.222251;execution-8-1500000-1;46.13604807853699;549103513.0
1625342435.358299;endExecution-8-1500000-1;0.005698680877685547;35340.0
1625342435.3639977;execution-8-1500000-2;46.16403770446777;550391962.0
1625342481.5280354;endExecution-8-1500000-2;0.005725383758544922;42359.0
1625342481.5337608;execution-8-1500000-3;46.00902342796326;548604308.0
1625342527.5427842;endExecution-8-1500000-3;0.007407426834106445;47058.0
1625342527.5501916;execution-1-1400000-1;180.38365602493286;1394742645.0
1625342707.9338477;endExecution-1-1400000-1;0.006020307540893555;46753.0
1625342707.939868;execution-1-1400000-2;180.92294812202454;1396985621.0
1625342888.862816;endExecution-1-1400000-2;0.0061931610107421875;41686.0
1625342888.8690093;execution-1-1400000-3;180.8283567428589;1397486230.0
1625343069.697366;endExecution-1-1400000-3;0.005985260009765625;42053.0
1625343069.7033513;execution-2-1400000-1;92.44567847251892;834891601.0
1625343162.1490297;endExecution-2-1400000-1;0.00603032112121582;41137.0
1625343162.15506;execution-2-1400000-2;93.9272813796997;847085844.0
1625343256.0823414;endExecution-2-1400000-2;0.00605010986328125;40894.0
1625343256.0883915;execution-2-1400000-3;92.32729768753052;833743593.0
1625343348.4156892;endExecution-2-1400000-3;0.0060024261474609375;41809.0
1625343348.4216917;execution-3-1400000-1;64.07244920730591;654686861.0
1625343412.4941409;endExecution-3-1400000-1;0.005990028381347656;41138.0
1625343412.500131;execution-3-1400000-2;63.058804988861084;647021171.0
1625343475.5589359;endExecution-3-1400000-2;0.0059278011322021484;38818.0
1625343475.5648637;execution-3-1400000-3;63.255450963974;648343006.0
1625343538.8203146;endExecution-3-1400000-3;0.006199836730957031;40039.0
1625343538.8265145;execution-4-1400000-1;60.52513933181763;632609708.0
1625343599.3516538;endExecution-4-1400000-1;0.005876064300537109;41077.0
1625343599.3575299;execution-4-1400000-2;60.77032804489136;637963150.0
1625343660.127858;endExecution-4-1400000-2;0.006258249282836914;47363.0
1625343660.1341162;execution-4-1400000-3;60.63761568069458;636968523.0
1625343720.7717319;endExecution-4-1400000-3;0.0062029361724853516;40649.0
1625343720.7779348;execution-5-1400000-1;54.095547676086426;580703531.0
1625343774.8734825;endExecution-5-1400000-1;0.005920886993408203;42114.0
1625343774.8794034;execution-5-1400000-2;53.05026650428772;570267278.0
1625343827.9296699;endExecution-5-1400000-2;0.00594782829284668;39978.0
1625343827.9356177;execution-5-1400000-3;54.140143156051636;581263770.0
1625343882.0757608;endExecution-5-1400000-3;0.006178617477416992;44129.0
1625343882.0819395;execution-6-1400000-1;51.688215494155884;566848219.0
1625343933.770155;endExecution-6-1400000-1;0.00595855712890625;40344.0
1625343933.7761135;execution-6-1400000-2;52.434497117996216;572539672.0
1625343986.2106106;endExecution-6-1400000-2;0.00609135627746582;48218.0
1625343986.216702;execution-6-1400000-3;51.61767649650574;568359812.0
1625344037.8343785;endExecution-6-1400000-3;0.006115913391113281;41565.0
1625344037.8404944;execution-7-1400000-1;49.95553469657898;562167872.0
1625344087.796029;endExecution-7-1400000-1;0.006320476531982422;42114.0
1625344087.8023496;execution-7-1400000-2;50.20250225067139;564147177.0
1625344138.0048518;endExecution-7-1400000-2;0.00620269775390625;49743.0
1625344138.0110545;execution-7-1400000-3;50.338472843170166;565149859.0
1625344188.3495274;endExecution-7-1400000-3;0.006029844284057617;42298.0
1625344188.3555572;execution-8-1400000-1;49.23747992515564;552525624.0
1625344237.5930371;endExecution-8-1400000-1;0.006044626235961914;41198.0
1625344237.5990818;execution-8-1400000-2;49.49025869369507;553615710.0
1625344287.0893404;endExecution-8-1400000-2;0.006114006042480469;46875.0
1625344287.0954545;execution-8-1400000-3;49.421329975128174;554706954.0
1625344336.5167844;endExecution-8-1400000-3;0.007825136184692383;59875.0
1625344336.5246096;execution-1-1300000-1;195.03553915023804;1435705431.0
1625344531.5601487;endExecution-1-1300000-1;0.006551980972290039;37781.0
1625344531.5667007;execution-1-1300000-2;194.59133648872375;1429429140.0
1625344726.1580372;endExecution-1-1300000-2;0.006598472595214844;45349.0
1625344726.1646357;execution-1-1300000-3;194.977796792984;1429879336.0
1625344921.1424325;endExecution-1-1300000-3;0.00657343864440918;46081.0
1625344921.149006;execution-2-1300000-1;99.5211706161499;853473767.0
1625345020.6701765;endExecution-2-1300000-1;0.0065381526947021484;39612.0
1625345020.6767147;execution-2-1300000-2;100.83920049667358;864619552.0
1625345121.5159152;endExecution-2-1300000-2;0.00648188591003418;45166.0
1625345121.522397;execution-2-1300000-3;99.55590391159058;855468879.0
1625345221.078301;endExecution-2-1300000-3;0.006641387939453125;46692.0
1625345221.0849423;execution-3-1300000-1;67.98348593711853;659853352.0
1625345289.0684283;endExecution-3-1300000-1;0.0067026615142822266;44983.0
1625345289.075131;execution-3-1300000-2;67.95892524719238;659475545.0
1625345357.0340562;endExecution-3-1300000-2;0.006583452224731445;39856.0
1625345357.0406396;execution-3-1300000-3;68.15658855438232;662043899.0
1625345425.1972282;endExecution-3-1300000-3;0.006692171096801758;45410.0
1625345425.2039204;execution-4-1300000-1;67.31676459312439;651310771.0
1625345492.520685;endExecution-4-1300000-1;0.006679534912109375;45410.0
1625345492.5273645;execution-4-1300000-2;64.31298613548279;634235926.0
1625345556.8403506;endExecution-4-1300000-2;0.006292819976806641;40161.0
1625345556.8466434;execution-4-1300000-3;62.982101917266846;624670947.0
1625345619.8287454;endExecution-4-1300000-3;0.006516933441162109;39123.0
1625345619.8352623;execution-5-1300000-1;56.939748764038086;578295395.0
1625345676.775011;endExecution-5-1300000-1;0.00657963752746582;44494.0
1625345676.7815907;execution-5-1300000-2;56.96018600463867;577783555.0
1625345733.7417767;endExecution-5-1300000-2;0.006571769714355469;39063.0
1625345733.7483485;execution-5-1300000-3;58.62482571601868;593046333.0
1625345792.3731742;endExecution-5-1300000-3;0.006437540054321289;39307.0
1625345792.3796117;execution-6-1300000-1;55.40266418457031;572325500.0
1625345847.782276;endExecution-6-1300000-1;0.006571769714355469;45471.0
1625345847.7888477;execution-6-1300000-2;55.42330551147461;572477416.0
1625345903.2121532;endExecution-6-1300000-2;0.006542682647705078;41260.0
1625345903.2186959;execution-6-1300000-3;55.30835485458374;570793949.0
1625345958.5270507;endExecution-6-1300000-3;0.006449699401855469;46631.0
1625345958.5335004;execution-7-1300000-1;53.777013540267944;565777299.0
1625346012.310514;endExecution-7-1300000-1;0.00640106201171875;38696.0
1625346012.316915;execution-7-1300000-2;53.88277983665466;566499770.0
1625346066.1996949;endExecution-7-1300000-2;0.006468057632446289;39612.0
1625346066.206163;execution-7-1300000-3;54.5230028629303;572886717.0
1625346120.7291658;endExecution-7-1300000-3;0.006465911865234375;49072.0
1625346120.7356317;execution-8-1300000-1;53.20933675765991;561526212.0
1625346173.9449685;endExecution-8-1300000-1;0.006540775299072266;40893.0
1625346173.9515092;execution-8-1300000-2;53.309481620788574;562779077.0
1625346227.2609909;endExecution-8-1300000-2;0.00644993782043457;40832.0
1625346227.2674408;execution-8-1300000-3;52.7213351726532;558118689.0
1625346279.988776;endExecution-8-1300000-3;0.008579254150390625;56091.0
1625346279.9973552;execution-1-1200000-1;205.95089077949524;1474956124.0
1625346485.948246;endExecution-1-1200000-1;0.0068781375885009766;44372.0
1625346485.9551241;execution-1-1200000-2;209.6473903656006;1484900801.0
1625346695.6025145;endExecution-1-1200000-2;0.007185697555541992;49805.0
1625346695.6097002;execution-1-1200000-3;210.6056046485901;1491125394.0
1625346906.2153049;endExecution-1-1200000-3;0.007128477096557617;44983.0
1625346906.2224333;execution-2-1200000-1;107.55035901069641;879000008.0
1625347013.7727923;endExecution-2-1200000-1;0.007306814193725586;45532.0
1625347013.7800992;execution-2-1200000-2;107.76784634590149;881384523.0
1625347121.5479455;endExecution-2-1200000-2;0.007207393646240234;44495.0
1625347121.555153;execution-2-1200000-3;108.2205548286438;882597960.0
1625347229.7757077;endExecution-2-1200000-3;0.00709986686706543;46753.0
1625347229.7828076;execution-3-1200000-1;73.97211265563965;674151655.0
1625347303.7549202;endExecution-3-1200000-1;0.007237672805786133;51087.0
1625347303.762158;execution-3-1200000-2;73.85887408256531;673482101.0
1625347377.621032;endExecution-3-1200000-2;0.007090568542480469;45959.0
1625347377.6281226;execution-3-1200000-3;73.74959063529968;673434434.0
1625347451.3777132;endExecution-3-1200000-3;0.007172107696533203;43823.0
1625347451.3848853;execution-4-1200000-1;71.79829359054565;665773442.0
1625347523.183179;endExecution-4-1200000-1;0.007132053375244141;43274.0
1625347523.190311;execution-4-1200000-2;69.35934972763062;646257134.0
1625347592.5496607;endExecution-4-1200000-2;0.007144927978515625;51026.0
1625347592.5568056;execution-4-1200000-3;66.2975902557373;618865359.0
1625347658.8543959;endExecution-4-1200000-3;0.007230997085571289;45410.0
1625347658.8616269;execution-5-1200000-1;68.64164137840271;653199927.0
1625347727.5032682;endExecution-5-1200000-1;0.007174491882324219;44738.0
1625347727.5104427;execution-5-1200000-2;68.28148531913757;649182359.0
1625347795.791928;endExecution-5-1200000-2;0.007241487503051758;50659.0
1625347795.7991695;execution-5-1200000-3;68.20447182655334;650298812.0
1625347864.0036414;endExecution-5-1200000-3;0.007239580154418945;44860.0
1625347864.010881;execution-6-1200000-1;69.0079116821289;658444665.0
1625347933.0187926;endExecution-6-1200000-1;0.00724339485168457;44067.0
1625347933.026036;execution-6-1200000-2;59.88310194015503;582617893.0
1625347992.909138;endExecution-6-1200000-2;0.006948232650756836;45655.0
1625347992.9160862;execution-6-1200000-3;59.95671081542969;584229522.0
1625348052.872797;endExecution-6-1200000-3;0.00699305534362793;52551.0
1625348052.87979;execution-7-1200000-1;58.72217535972595;581369239.0
1625348111.6019654;endExecution-7-1200000-1;0.006863594055175781;36194.0
1625348111.608829;execution-7-1200000-2;58.29494667053223;577070483.0
1625348169.9037757;endExecution-7-1200000-2;0.006890058517456055;45471.0
1625348169.9106658;execution-7-1200000-3;58.71847987174988;582803684.0
1625348228.6291456;endExecution-7-1200000-3;0.007100343704223633;51636.0
1625348228.636246;execution-8-1200000-1;56.72946572303772;565713090.0
1625348285.3657117;endExecution-8-1200000-1;0.006884574890136719;44312.0
1625348285.3725963;execution-8-1200000-2;57.10631036758423;568777962.0
1625348342.4789066;endExecution-8-1200000-2;0.00713348388671875;43274.0
1625348342.48604;execution-8-1200000-3;57.508424043655396;572771361.0
1625348399.9944642;endExecution-8-1200000-3;0.00951838493347168;61157.0
1625348400.0039825;execution-1-1100000-1;206.40601086616516;1475132821.0
1625348606.4099934;endExecution-1-1100000-1;0.006993293762207031;52245.0
1625348606.4169867;execution-1-1100000-2;210.04805660247803;1486328105.0
1625348816.4650433;endExecution-1-1100000-2;0.007275104522705078;44677.0
1625348816.4723184;execution-1-1100000-3;208.84243488311768;1484505233.0
1625349025.3147533;endExecution-1-1100000-3;0.0069844722747802734;45715.0
1625349025.3217378;execution-2-1100000-1;109.31831741333008;883351194.0
1625349134.6400552;endExecution-2-1100000-1;0.0071392059326171875;50781.0
1625349134.6471944;execution-2-1100000-2;108.99017810821533;885913625.0
1625349243.6373725;endExecution-2-1100000-2;0.007068634033203125;51941.0
1625349243.6444411;execution-2-1100000-3;108.90208506584167;885196220.0
1625349352.5465262;endExecution-2-1100000-3;0.007698774337768555;48950.0
1625349352.554225;execution-3-1100000-1;78.69535732269287;690096561.0
1625349431.2495823;endExecution-3-1100000-1;0.007706642150878906;50232.0
1625349431.257289;execution-3-1100000-2;79.57229971885681;692609494.0
1625349510.8295887;endExecution-3-1100000-2;0.007747650146484375;49011.0
1625349510.8373363;execution-3-1100000-3;80.49601936340332;701687474.0
1625349591.3333557;endExecution-3-1100000-3;0.007577419281005859;43823.0
1625349591.340933;execution-4-1100000-1;68.83693933486938;621162350.0
1625349660.1778724;endExecution-4-1100000-1;0.007819414138793945;49378.0
1625349660.1856918;execution-4-1100000-2;73.99993324279785;671424428.0
1625349734.185625;endExecution-4-1100000-2;0.007936239242553711;47241.0
1625349734.1935613;execution-4-1100000-3;75.04492259025574;676349587.0
1625349809.238484;endExecution-4-1100000-3;0.007363080978393555;51636.0
1625349809.245847;execution-5-1100000-1;65.01287484169006;602248702.0
1625349874.2587218;endExecution-5-1100000-1;0.007702827453613281;48401.0
1625349874.2664247;execution-5-1100000-2;68.35580039024353;631793243.0
1625349942.622225;endExecution-5-1100000-2;0.007695913314819336;42725.0
1625349942.629921;execution-5-1100000-3;70.93058109283447;657918115.0
1625350013.560502;endExecution-5-1100000-3;0.007647514343261719;50232.0
1625350013.5681496;execution-6-1100000-1;61.859920501708984;591435681.0
1625350075.42807;endExecution-6-1100000-1;0.007791996002197266;47180.0
1625350075.435862;execution-6-1100000-2;61.949201822280884;591778881.0
1625350137.385064;endExecution-6-1100000-2;0.007698535919189453;50170.0
1625350137.3927624;execution-6-1100000-3;61.00303530693054;587711020.0
1625350198.3957977;endExecution-6-1100000-3;0.0076372623443603516;43823.0
1625350198.403435;execution-7-1100000-1;59.29544019699097;586208949.0
1625350257.6988752;endExecution-7-1100000-1;0.007661104202270508;43213.0
1625350257.7065363;execution-7-1100000-2;59.02964472770691;582123509.0
1625350316.736181;endExecution-7-1100000-2;0.007890701293945312;47730.0
1625350316.7440717;execution-7-1100000-3;59.080662965774536;583422212.0
1625350375.8247347;endExecution-7-1100000-3;0.007385730743408203;51636.0
1625350375.8321204;execution-8-1100000-1;58.358946800231934;569904669.0
1625350434.1910672;endExecution-8-1100000-1;0.007585763931274414;44250.0
1625350434.198653;execution-8-1100000-2;59.28497838973999;577101489.0
1625350493.4836314;endExecution-8-1100000-2;0.007239580154418945;45532.0
1625350493.490871;execution-8-1100000-3;59.1102614402771;577220080.0
1625350552.6011324;endExecution-8-1100000-3;0.00919342041015625;62561.0
1625350552.6103258;execution-1-1000000-1;207.81049394607544;1478583800.0
1625350760.4208198;endExecution-1-1000000-1;0.006927967071533203;42664.0
1625350760.4277477;execution-1-1000000-2;209.6545066833496;1480092707.0
1625350970.0822544;endExecution-1-1000000-2;0.007156848907470703;52857.0
1625350970.0894113;execution-1-1000000-3;208.95404267311096;1484853987.0
1625351179.043454;endExecution-1-1000000-3;0.007309675216674805;51757.0
1625351179.0507636;execution-2-1000000-1;112.01707220077515;906252502.0
1625351291.0678358;endExecution-2-1000000-1;0.0073812007904052734;51575.0
1625351291.075217;execution-2-1000000-2;111.74028658866882;903148444.0
1625351402.8155036;endExecution-2-1000000-2;0.007248640060424805;44678.0
1625351402.8227522;execution-2-1000000-3;111.5045428276062;900254470.0
1625351514.327295;endExecution-2-1000000-3;0.006461620330810547;46021.0
1625351514.3337567;execution-3-1000000-1;79.29601883888245;695408742.0
1625351593.6297755;endExecution-3-1000000-1;0.007816314697265625;48034.0
1625351593.6375918;execution-3-1000000-2;79.54980421066284;692976925.0
1625351673.187396;endExecution-3-1000000-2;0.0077016353607177734;48645.0
1625351673.1950977;execution-3-1000000-3;78.85907530784607;693040096.0
1625351752.054173;endExecution-3-1000000-3;0.00780940055847168;46570.0
1625351752.0619824;execution-4-1000000-1;73.84991121292114;659852070.0
1625351825.9118936;endExecution-4-1000000-1;0.007757425308227539;46509.0
1625351825.919651;execution-4-1000000-2;75.15176248550415;672990464.0
1625351901.0714135;endExecution-4-1000000-2;0.0075643062591552734;43335.0
1625351901.0789778;execution-4-1000000-3;72.85322952270508;648160572.0
1625351973.9322073;endExecution-4-1000000-3;0.007307767868041992;51209.0
1625351973.939515;execution-5-1000000-1;65.15212059020996;600111562.0
1625352039.0916357;endExecution-5-1000000-1;0.007184743881225586;51086.0
1625352039.0988204;execution-5-1000000-2;71.98219919204712;661208512.0
1625352111.0810196;endExecution-5-1000000-2;0.007690906524658203;42175.0
1625352111.0887105;execution-5-1000000-3;71.90130925178528;661423905.0
1625352182.9900198;endExecution-5-1000000-3;0.007584095001220703;41382.0
1625352182.997604;execution-6-1000000-1;63.05202293395996;593414191.0
1625352246.0496268;endExecution-6-1000000-1;0.007756948471069336;47058.0
1625352246.0573838;execution-6-1000000-2;62.90920281410217;593659736.0
1625352308.9665866;endExecution-6-1000000-2;0.0076372623443603516;48095.0
1625352308.9742239;execution-6-1000000-3;63.171621561050415;594244817.0
1625352372.1458454;endExecution-6-1000000-3;0.0077135562896728516;50109.0
1625352372.153559;execution-7-1000000-1;63.7674994468689;605352638.0
1625352435.9210584;endExecution-7-1000000-1;0.007632255554199219;47973.0
1625352435.9286907;execution-7-1000000-2;60.608041763305664;585405728.0
1625352496.5367324;endExecution-7-1000000-2;0.007689952850341797;40527.0
1625352496.5444224;execution-7-1000000-3;60.97203302383423;588487080.0
1625352557.5164554;endExecution-7-1000000-3;0.007242441177368164;44678.0
1625352557.5236979;execution-8-1000000-1;59.45097994804382;576411427.0
1625352616.9746778;endExecution-8-1000000-1;0.007186174392700195;43030.0
1625352616.981864;execution-8-1000000-2;58.742379665374756;573151609.0
1625352675.7242436;endExecution-8-1000000-2;0.0077092647552490234;42236.0
1625352675.731953;execution-8-1000000-3;59.35505390167236;577977768.0
1625352735.0870068;endExecution-8-1000000-3;0.008842706680297852;57984.0
1625352735.0958495;execution-1-900000-1;207.1287190914154;1475141060.0
1625352942.2245686;endExecution-1-900000-1;0.007075786590576172;51574.0
1625352942.2316444;execution-1-900000-2;208.66048336029053;1476755741.0
1625353150.8921278;endExecution-1-900000-2;0.006931304931640625;46326.0
1625353150.899059;execution-1-900000-3;209.4731638431549;1481550711.0
1625353360.372223;endExecution-1-900000-3;0.006904125213623047;44190.0
1625353360.379127;execution-2-900000-1;111.91646218299866;904203679.0
1625353472.2955892;endExecution-2-900000-1;0.007676839828491211;48767.0
1625353472.303266;execution-2-900000-2;110.89166831970215;893488740.0
1625353583.1949344;endExecution-2-900000-2;0.007595062255859375;48645.0
1625353583.2025294;execution-2-900000-3;109.5818281173706;889886638.0
1625353692.7843575;endExecution-2-900000-3;0.007696866989135742;41809.0
1625353692.7920544;execution-3-900000-1;78.64823126792908;691810424.0
1625353771.4402857;endExecution-3-900000-1;0.007617950439453125;49072.0
1625353771.4479036;execution-3-900000-2;80.37997031211853;699581583.0
1625353851.827874;endExecution-3-900000-2;0.0077075958251953125;41992.0
1625353851.8355815;execution-3-900000-3;79.62087893486023;694215630.0
1625353931.4564605;endExecution-3-900000-3;0.007843255996704102;49805.0
1625353931.4643037;execution-4-900000-1;75.15732955932617;675053508.0
1625354006.6216333;endExecution-4-900000-1;0.007749080657958984;49011.0
1625354006.6293824;execution-4-900000-2;67.38695788383484;610824547.0
1625354074.0163403;endExecution-4-900000-2;0.007585287094116211;43030.0
1625354074.0239255;execution-4-900000-3;75.29997944831848;676585670.0
1625354149.323905;endExecution-4-900000-3;0.007668495178222656;46814.0
1625354149.3315735;execution-5-900000-1;66.1592276096344;609482815.0
1625354215.490801;endExecution-5-900000-1;0.0076792240142822266;49499.0
1625354215.4984803;execution-5-900000-2;66.9725456237793;613646073.0
1625354282.471026;endExecution-5-900000-2;0.007701873779296875;49317.0
1625354282.4787278;execution-5-900000-3;68.64396667480469;628703957.0
1625354351.1226945;endExecution-5-900000-3;0.007578611373901367;50109.0
1625354351.130273;execution-6-900000-1;63.05164670944214;593897711.0
1625354414.1819198;endExecution-6-900000-1;0.0076503753662109375;50049.0
1625354414.1895702;execution-6-900000-2;62.62189435958862;591739146.0
1625354476.8114645;endExecution-6-900000-2;0.007733821868896484;47608.0
1625354476.8191984;execution-6-900000-3;62.29627752304077;591611644.0
1625354539.115476;endExecution-6-900000-3;0.007836341857910156;49378.0
1625354539.1233122;execution-7-900000-1;58.97822880744934;582647190.0
1625354598.101541;endExecution-7-900000-1;0.007714033126831055;41870.0
1625354598.109255;execution-7-900000-2;59.233566999435425;582971042.0
1625354657.342822;endExecution-7-900000-2;0.007737874984741211;48156.0
1625354657.35056;execution-7-900000-3;59.240137338638306;585282132.0
1625354716.5906973;endExecution-7-900000-3;0.007767200469970703;43030.0
1625354716.5984645;execution-8-900000-1;58.13014817237854;568898202.0
1625354774.7286127;endExecution-8-900000-1;0.007169961929321289;52551.0
1625354774.7357826;execution-8-900000-2;58.39276576042175;573387143.0
1625354833.1285484;endExecution-8-900000-2;0.00775909423828125;49682.0
1625354833.1363075;execution-8-900000-3;59.512226819992065;578486495.0
1625354892.6485343;endExecution-8-900000-3;0.00934910774230957;55359.0
1625354892.6578834;execution-1-800000-1;207.69170022010803;1477465761.0
1625355100.3495836;endExecution-1-800000-1;0.006876468658447266;46814.0
1625355100.35646;execution-1-800000-2;211.53401279449463;1494246358.0
1625355311.890473;endExecution-1-800000-2;0.007117748260498047;44922.0
1625355311.8975906;execution-1-800000-3;208.3293707370758;1483475450.0
1625355520.2269614;endExecution-1-800000-3;0.007066488265991211;42664.0
1625355520.2340279;execution-2-800000-1;113.55182385444641;905791504.0
1625355633.7858517;endExecution-2-800000-1;0.007326841354370117;42297.0
1625355633.7931786;execution-2-800000-2;110.19487690925598;893870087.0
1625355743.9880555;endExecution-2-800000-2;0.007004976272583008;43640.0
1625355743.9950604;execution-2-800000-3;109.63971662521362;891738745.0
1625355853.634777;endExecution-2-800000-3;0.007510662078857422;51270.0
1625355853.6422877;execution-3-800000-1;78.58594036102295;688943060.0
1625355932.228228;endExecution-3-800000-1;0.007858991622924805;47547.0
1625355932.236087;execution-3-800000-2;79.5278172492981;693737298.0
1625356011.7639043;endExecution-3-800000-2;0.007710456848144531;47058.0
1625356011.7716148;execution-3-800000-3;79.95873546600342;699358867.0
1625356091.7303503;endExecution-3-800000-3;0.007670164108276367;49255.0
1625356091.7380204;execution-4-800000-1;69.55007576942444;619007998.0
1625356161.2880962;endExecution-4-800000-1;0.0077741146087646484;50048.0
1625356161.2958703;execution-4-800000-2;76.6247947216034;678656649.0
1625356237.920665;endExecution-4-800000-2;0.007203817367553711;44678.0
1625356237.9278688;execution-4-800000-3;74.8016197681427;664094491.0
1625356312.7294886;endExecution-4-800000-3;0.007882118225097656;50537.0
1625356312.7373707;execution-5-800000-1;67.80145764350891;618725040.0
1625356380.5388284;endExecution-5-800000-1;0.007501125335693359;48584.0
1625356380.5463295;execution-5-800000-2;65.48159599304199;602530928.0
1625356446.0279255;endExecution-5-800000-2;0.007516145706176758;49682.0
1625356446.0354416;execution-5-800000-3;72.41054654121399;663592784.0
1625356518.4459882;endExecution-5-800000-3;0.007769584655761719;47974.0
1625356518.4537578;execution-6-800000-1;68.1429672241211;645497432.0
1625356586.596725;endExecution-6-800000-1;0.007258892059326172;51208.0
1625356586.6039839;execution-6-800000-2;66.23657751083374;614002639.0
1625356652.8405614;endExecution-6-800000-2;0.007528543472290039;49866.0
1625356652.84809;execution-6-800000-3;68.59613084793091;643701111.0
1625356721.4442208;endExecution-6-800000-3;0.007562875747680664;43152.0
1625356721.4517837;execution-7-800000-1;60.75764298439026;587480002.0
1625356782.2094266;endExecution-7-800000-1;0.007091999053955078;44800.0
1625356782.2165186;execution-7-800000-2;60.87434148788452;587362815.0
1625356843.0908601;endExecution-7-800000-2;0.007856369018554688;47912.0
1625356843.0987165;execution-7-800000-3;60.94130778312683;589593401.0
1625356904.0400243;endExecution-7-800000-3;0.007921934127807617;46997.0
1625356904.0479462;execution-8-800000-1;59.37313532829285;577511583.0
1625356963.4210815;endExecution-8-800000-1;0.007665395736694336;49804.0
1625356963.428747;execution-8-800000-2;58.11622762680054;570623601.0
1625357021.5449746;endExecution-8-800000-2;0.0072209835052490234;44677.0
1625357021.5521955;execution-8-800000-3;59.21986532211304;577202868.0
1625357080.7720609;endExecution-8-800000-3;0.08102202415466309;465453.0
