1624817605.971951;main_start;2.1771628856658936;16232136.0
1624817624.61938;main_start;0.1634354591369629;823545.0
1624821460.566193;execution-1-2200000-1;395.4341895580292;4293026546.0
1624821856.0003827;endExecution-1-2200000-1;0.00419926643371582;36011.0
1624821856.004582;execution-1-2200000-2;395.3710992336273;4298342572.0
1624822251.3756812;endExecution-1-2200000-2;0.004273414611816406;37110.0
1624822251.3799546;execution-1-2200000-3;395.37525177001953;4297265732.0
1624822646.7552063;endExecution-1-2200000-3;0.004068136215209961;38025.0
1624822646.7592745;execution-2-2200000-1;212.55711555480957;2835465825.0
1624822859.31639;endExecution-2-2200000-1;0.004147529602050781;37780.0
1624822859.3205376;execution-2-2200000-2;212.6018979549408;2848018283.0
1624823071.9224355;endExecution-2-2200000-2;0.004301786422729492;46020.0
1624823071.9267373;execution-2-2200000-3;212.3601713180542;2832375379.0
1624823284.2869086;endExecution-2-2200000-3;0.004319190979003906;46631.0
1624823284.2912278;execution-3-2200000-1;0.47322940826416016;5180834.0
1624823284.7644572;endExecution-3-2200000-1;0.004265546798706055;37902.0
1624823284.7687228;execution-3-2200000-2;0.468595027923584;5141894.0
1624823285.2373178;endExecution-3-2200000-2;0.004154205322265625;37536.0
1624823285.241472;execution-3-2200000-3;0.46878695487976074;5142565.0
1624823285.710259;endExecution-3-2200000-3;0.00429224967956543;37842.0
1624823285.7145512;execution-4-2200000-1;171.93790078163147;2478077885.0
1624823457.652452;endExecution-4-2200000-1;0.00427699089050293;47607.0
1624823457.656729;execution-4-2200000-2;170.92741227149963;2477028937.0
1624823628.5841413;endExecution-4-2200000-2;0.004267215728759766;37964.0
1624823628.5884085;execution-4-2200000-3;171.55727314949036;2471510702.0
1624823800.1456816;endExecution-4-2200000-3;0.00425267219543457;37353.0
1624823800.1499343;execution-5-2200000-1;0.46882081031799316;5174730.0
1624823800.618755;endExecution-5-2200000-1;0.004044771194458008;38025.0
1624823800.6227999;execution-5-2200000-2;0.4672257900238037;5146044.0
1624823801.0900257;endExecution-5-2200000-2;0.004268646240234375;37415.0
1624823801.0942943;execution-5-2200000-3;0.46816253662109375;5174547.0
1624823801.5624568;endExecution-5-2200000-3;0.004244804382324219;36621.0
1624823801.5667017;execution-6-2200000-1;0.4714231491088867;5226244.0
1624823802.0381248;endExecution-6-2200000-1;0.0042264461517333984;36621.0
1624823802.0423512;execution-6-2200000-2;0.46347761154174805;5111498.0
1624823802.5058289;endExecution-6-2200000-2;0.004250288009643555;36255.0
1624823802.5100791;execution-6-2200000-3;0.4675569534301758;5159288.0
1624823802.977636;endExecution-6-2200000-3;0.004119873046875;36499.0
1624823802.981756;execution-7-2200000-1;0.4694972038269043;5165942.0
1624823803.4512532;endExecution-7-2200000-1;0.0041120052337646484;36926.0
1624823803.4553652;execution-7-2200000-2;0.4687833786010742;5168016.0
1624823803.9241486;endExecution-7-2200000-2;0.004312992095947266;45471.0
1624823803.9284616;execution-7-2200000-3;0.4680042266845703;5140246.0
1624823804.3964658;endExecution-7-2200000-3;0.004305601119995117;35584.0
1624823804.4007714;execution-8-2200000-1;140.79803228378296;2166833075.0
1624823945.1988037;endExecution-8-2200000-1;0.004240274429321289;37293.0
1624823945.203044;execution-8-2200000-2;141.27543449401855;2164055922.0
1624824086.4784784;endExecution-8-2200000-2;0.004221677780151367;38452.0
1624824086.4827;execution-8-2200000-3;141.54871106147766;2167196234.0
1624824228.0314112;endExecution-8-2200000-3;0.0052490234375;53650.0
1624824228.0366602;execution-1-2100000-1;414.4618957042694;4356941788.0
1624824642.498556;endExecution-1-2100000-1;0.004450798034667969;46021.0
1624824642.5030067;execution-1-2100000-2;413.7256336212158;4365914909.0
1624825056.2286403;endExecution-1-2100000-2;0.004301786422729492;44190.0
1624825056.232942;execution-1-2100000-3;413.5101623535156;4376700099.0
1624825469.7431045;endExecution-1-2100000-3;0.004443645477294922;37659.0
1624825469.747548;execution-2-2100000-1;221.82060194015503;2832048780.0
1624825691.56815;endExecution-2-2100000-1;0.004498958587646484;43823.0
1624825691.572649;execution-2-2100000-2;221.86900210380554;2833482614.0
1624825913.441651;endExecution-2-2100000-2;0.004441499710083008;46387.0
1624825913.4460926;execution-2-2100000-3;221.66122317314148;2830071124.0
1624826135.1073158;endExecution-2-2100000-3;0.004454135894775391;45349.0
1624826135.11177;execution-3-2100000-1;0.5004889965057373;5272387.0
1624826135.612259;endExecution-3-2100000-1;0.004404544830322266;44067.0
1624826135.6166635;execution-3-2100000-2;0.49222326278686523;5157335.0
1624826136.1088867;endExecution-3-2100000-2;0.004418611526489258;34180.0
1624826136.1133053;execution-3-2100000-3;0.4915916919708252;5153307.0
1624826136.604897;endExecution-3-2100000-3;0.004388332366943359;34302.0
1624826136.6092854;execution-4-2100000-1;185.58740425109863;2451099499.0
1624826322.1966896;endExecution-4-2100000-1;0.004378318786621094;44983.0
1624826322.201068;execution-4-2100000-2;178.01999354362488;2457743464.0
1624826500.2210615;endExecution-4-2100000-2;0.004305601119995117;35522.0
1624826500.225367;execution-4-2100000-3;178.57378125190735;2446082971.0
1624826678.7991483;endExecution-4-2100000-3;0.004485368728637695;34729.0
1624826678.8036337;execution-5-2100000-1;0.49213719367980957;5147448.0
1624826679.295771;endExecution-5-2100000-1;0.00441288948059082;45410.0
1624826679.3001838;execution-5-2100000-2;0.49231982231140137;5151232.0
1624826679.7925036;endExecution-5-2100000-2;0.004366397857666016;35828.0
1624826679.79687;execution-5-2100000-3;0.4940764904022217;5165147.0
1624826680.2909465;endExecution-5-2100000-3;0.0044078826904296875;44129.0
1624826680.2953544;execution-6-2100000-1;0.49284958839416504;5162462.0
1624826680.788204;endExecution-6-2100000-1;0.004423856735229492;35400.0
1624826680.7926278;execution-6-2100000-2;0.49179792404174805;5140246.0
1624826681.2844257;endExecution-6-2100000-2;0.0043070316314697266;36804.0
1624826681.2887328;execution-6-2100000-3;0.49240708351135254;5136950.0
1624826681.7811399;endExecution-6-2100000-3;0.004349708557128906;35339.0
1624826681.7854896;execution-7-2100000-1;0.49402761459350586;5168444.0
1624826682.2795172;endExecution-7-2100000-1;0.0044345855712890625;35889.0
1624826682.2839518;execution-7-2100000-2;0.492922306060791;5170274.0
1624826682.776874;endExecution-7-2100000-2;0.004469156265258789;44495.0
1624826682.7813432;execution-7-2100000-3;0.49295973777770996;5158373.0
1624826683.274303;endExecution-7-2100000-3;0.0044515132904052734;34973.0
1624826683.2787545;execution-8-2100000-1;145.30741381645203;2125851003.0
1624826828.5861683;endExecution-8-2100000-1;0.0044803619384765625;44495.0
1624826828.5906487;execution-8-2100000-2;145.7030918598175;2133424042.0
1624826974.2937405;endExecution-8-2100000-2;0.004431247711181641;44495.0
1624826974.2981718;execution-8-2100000-3;145.98048996925354;2132888827.0
1624827120.2786617;endExecution-8-2100000-3;0.005550861358642578;52551.0
1624827120.2842126;execution-1-2000000-1;433.7281675338745;4362180971.0
1624827554.0123801;endExecution-1-2000000-1;0.0047435760498046875;34912.0
1624827554.0171237;execution-1-2000000-2;433.63485765457153;4360276253.0
1624827987.6519814;endExecution-1-2000000-2;0.00460505485534668;42785.0
1624827987.6565864;execution-1-2000000-3;433.6810562610626;4360674262.0
1624828421.3376427;endExecution-1-2000000-3;0.00476837158203125;33996.0
1624828421.342411;execution-2-2000000-1;232.6593952178955;2831458267.0
1624828654.0018063;endExecution-2-2000000-1;0.004618406295776367;43213.0
1624828654.0064247;execution-2-2000000-2;232.0392665863037;2816888540.0
1624828886.0456913;endExecution-2-2000000-2;0.0047757625579833984;43823.0
1624828886.050467;execution-2-2000000-3;232.69958901405334;2823327245.0
1624829118.750056;endExecution-2-2000000-3;0.0044896602630615234;44129.0
1624829118.7545457;execution-3-2000000-1;0.5188190937042236;5196519.0
1624829119.2733648;endExecution-3-2000000-1;0.004431009292602539;43641.0
1624829119.2777958;execution-3-2000000-2;0.5204153060913086;5217760.0
1624829119.798211;endExecution-3-2000000-2;0.0044324398040771484;44067.0
1624829119.8026435;execution-3-2000000-3;0.5183100700378418;5204027.0
1624829120.3209536;endExecution-3-2000000-3;0.004469156265258789;34851.0
1624829120.3254228;execution-4-2000000-1;187.9052550792694;2442297031.0
1624829308.2306778;endExecution-4-2000000-1;0.004530906677246094;43702.0
1624829308.2352087;execution-4-2000000-2;196.87498927116394;2436443713.0
1624829505.110198;endExecution-4-2000000-2;0.0046405792236328125;43274.0
1624829505.1148386;execution-4-2000000-3;186.06924033164978;2445479641.0
1624829691.184079;endExecution-4-2000000-3;0.004678249359130859;34545.0
1624829691.1887572;execution-5-2000000-1;0.524493932723999;5240588.0
1624829691.713251;endExecution-5-2000000-1;0.004595756530761719;34301.0
1624829691.7178469;execution-5-2000000-2;0.5211706161499023;5223254.0
1624829692.2390175;endExecution-5-2000000-2;0.004606962203979492;32714.0
1624829692.2436244;execution-5-2000000-3;0.5232892036437988;5237536.0
1624829692.7669137;endExecution-5-2000000-3;0.004658222198486328;43640.0
1624829692.7715719;execution-6-2000000-1;0.5213696956634521;5214891.0
1624829693.2929416;endExecution-6-2000000-1;0.0046138763427734375;43579.0
1624829693.2975554;execution-6-2000000-2;0.5234241485595703;5235643.0
1624829693.8209796;endExecution-6-2000000-2;0.004657268524169922;34241.0
1624829693.8256369;execution-6-2000000-3;0.5187492370605469;5187365.0
1624829694.344386;endExecution-6-2000000-3;0.0046558380126953125;43823.0
1624829694.349042;execution-7-2000000-1;0.5174973011016846;5178942.0
1624829694.8665392;endExecution-7-2000000-1;0.0046083927154541016;42541.0
1624829694.8711476;execution-7-2000000-2;0.5202360153198242;5193041.0
1624829695.3913836;endExecution-7-2000000-2;0.0046536922454833984;42969.0
1624829695.3960373;execution-7-2000000-3;0.5168085098266602;5147203.0
1624829695.9128458;endExecution-7-2000000-3;0.004534244537353516;42481.0
1624829695.91738;execution-8-2000000-1;150.70126485824585;2099317623.0
1624829846.618645;endExecution-8-2000000-1;0.004704475402832031;44190.0
1624829846.6233494;execution-8-2000000-2;150.7922821044922;2100834954.0
1624829997.4156315;endExecution-8-2000000-2;0.004677772521972656;43945.0
1624829997.4203093;execution-8-2000000-3;151.02455067634583;2101764334.0
1624830148.44486;endExecution-8-2000000-3;0.0059659481048583984;49194.0
1624830148.450826;execution-1-1900000-1;456.27265095710754;4393204757.0
1624830604.723477;endExecution-1-1900000-1;0.004836559295654297;40039.0
1624830604.7283134;execution-1-1900000-2;456.0468199253082;4386291810.0
1624831060.7751334;endExecution-1-1900000-2;0.004873991012573242;41138.0
1624831060.7800074;execution-1-1900000-3;456.56728887557983;4382589366.0
1624831517.3472962;endExecution-1-1900000-3;0.004860877990722656;39063.0
1624831517.352157;execution-2-1900000-1;244.4819712638855;2828347556.0
1624831761.8341284;endExecution-2-1900000-1;0.004812955856323242;41687.0
1624831761.8389413;execution-2-1900000-2;244.6974232196808;2835018255.0
1624832006.5363646;endExecution-2-1900000-2;0.0048980712890625;41138.0
1624832006.5412626;execution-2-1900000-3;243.54666566848755;2812095340.0
1624832250.0879283;endExecution-2-1900000-3;0.004839897155761719;41199.0
1624832250.0927682;execution-3-1900000-1;0.5463426113128662;5226549.0
1624832250.6391108;endExecution-3-1900000-1;0.004653215408325195;41626.0
1624832250.643764;execution-3-1900000-2;0.5417330265045166;5187792.0
1624832251.185497;endExecution-3-1900000-2;0.004675865173339844;41931.0
1624832251.190173;execution-3-1900000-3;0.5494306087493896;5264879.0
1624832251.7396035;endExecution-3-1900000-3;0.0046122074127197266;41931.0
1624832251.7442157;execution-4-1900000-1;199.3245394229889;2430024113.0
1624832451.0687551;endExecution-4-1900000-1;0.004803180694580078;41626.0
1624832451.0735583;execution-4-1900000-2;194.24185514450073;2408216430.0
1624832645.3154135;endExecution-4-1900000-2;0.004654645919799805;42176.0
1624832645.3200681;execution-4-1900000-3;199.8838655948639;2427419750.0
1624832845.2039337;endExecution-4-1900000-3;0.004856109619140625;41809.0
1624832845.2087898;execution-5-1900000-1;0.549771785736084;5257127.0
1624832845.7585616;endExecution-5-1900000-1;0.004796743392944336;40833.0
1624832845.7633584;execution-5-1900000-2;0.5477559566497803;5231798.0
1624832846.3111143;endExecution-5-1900000-2;0.004830837249755859;41076.0
1624832846.3159451;execution-5-1900000-3;0.5451786518096924;5218859.0
1624832846.8611238;endExecution-5-1900000-3;0.004769086837768555;41077.0
1624832846.865893;execution-6-1900000-1;0.5462229251861572;5220995.0
1624832847.4121158;endExecution-6-1900000-1;0.004804134368896484;41626.0
1624832847.41692;execution-6-1900000-2;0.5482094287872314;5239061.0
1624832847.9651294;endExecution-6-1900000-2;0.004746675491333008;41687.0
1624832847.969876;execution-6-1900000-3;0.5479390621185303;5242784.0
1624832848.517815;endExecution-6-1900000-3;0.004879951477050781;40711.0
1624832848.522695;execution-7-1900000-1;0.5550928115844727;5280259.0
1624832849.0777879;endExecution-7-1900000-1;0.00476837158203125;42725.0
1624832849.0825562;execution-7-1900000-2;0.5520389080047607;5280321.0
1624832849.6345952;endExecution-7-1900000-2;0.00478053092956543;40527.0
1624832849.6393757;execution-7-1900000-3;0.5499236583709717;5274767.0
1624832850.1892993;endExecution-7-1900000-3;0.004729509353637695;32959.0
1624832850.1940289;execution-8-1900000-1;157.26741981506348;2089600668.0
1624833007.4614487;endExecution-8-1900000-1;0.004789829254150391;43091.0
1624833007.4662385;execution-8-1900000-2;157.09427118301392;2083299232.0
1624833164.5605097;endExecution-8-1900000-2;0.004850864410400391;40894.0
1624833164.5653605;execution-8-1900000-3;157.39415669441223;2082661782.0
1624833321.9595172;endExecution-8-1900000-3;0.006062984466552734;56031.0
1624833321.9655802;execution-1-1800000-1;480.7948896884918;4418858682.0
1624833802.76047;endExecution-1-1800000-1;0.005017518997192383;41199.0
1624833802.7654874;execution-1-1800000-2;480.79580950737;4421556735.0
1624834283.561297;endExecution-1-1800000-2;0.005024433135986328;41321.0
1624834283.5663214;execution-1-1800000-3;480.96501994132996;4422492279.0
1624834764.5313413;endExecution-1-1800000-3;0.005079030990600586;40283.0
1624834764.5364203;execution-2-1800000-1;257.6864278316498;2818727770.0
1624835022.2228482;endExecution-2-1800000-1;0.0051157474517822266;40771.0
1624835022.227964;execution-2-1800000-2;258.27035999298096;2824058810.0
1624835280.498324;endExecution-2-1800000-2;0.005068302154541016;41077.0
1624835280.5033922;execution-2-1800000-3;257.95204997062683;-259321775221.0
1624835538.4554422;endExecution-2-1800000-3;0.005121707916259766;38574.0
1624835538.460564;execution-3-1800000-1;0.5815808773040771;5311387.0
1624835539.0421448;endExecution-3-1800000-1;0.005036354064941406;39795.0
1624835539.0471811;execution-3-1800000-2;0.576507568359375;5281603.0
1624835539.6236887;endExecution-3-1800000-2;0.0049991607666015625;40710.0
1624835539.6286879;execution-3-1800000-3;0.5782811641693115;5307848.0
1624835540.206969;endExecution-3-1800000-3;0.004981279373168945;39978.0
1624835540.2119503;execution-4-1800000-1;206.08543634414673;2437174669.0
1624835746.2973866;endExecution-4-1800000-1;0.005217313766479492;40710.0
1624835746.302604;execution-4-1800000-2;204.50027441978455;2421839565.0
1624835950.8028784;endExecution-4-1800000-2;0.005220174789428711;40832.0
1624835950.8080986;execution-4-1800000-3;204.72216796875;2425989395.0
1624836155.5302665;endExecution-4-1800000-3;0.004997968673706055;41076.0
1624836155.5352645;execution-5-1800000-1;0.5797379016876221;5347765.0
1624836156.1150024;endExecution-5-1800000-1;0.004856109619140625;40832.0
1624836156.1198585;execution-5-1800000-2;0.5747568607330322;5269274.0
1624836156.6946154;endExecution-5-1800000-2;0.005026817321777344;39429.0
1624836156.6996422;execution-5-1800000-3;0.5740218162536621;5264940.0
1624836157.273664;endExecution-5-1800000-3;0.005044460296630859;40832.0
1624836157.2787085;execution-6-1800000-1;0.5758786201477051;5282641.0
1624836157.854587;endExecution-6-1800000-1;0.004838466644287109;39977.0
1624836157.8594255;execution-6-1800000-2;0.5766706466674805;5283434.0
1624836158.4360962;endExecution-6-1800000-2;0.0048830509185791016;32044.0
1624836158.4409792;execution-6-1800000-3;0.5789084434509277;5302842.0
1624836159.0198877;endExecution-6-1800000-3;0.004907131195068359;40894.0
1624836159.0247948;execution-7-1800000-1;0.5763537883758545;5286852.0
1624836159.6011486;endExecution-7-1800000-1;0.00481867790222168;32409.0
1624836159.6059673;execution-7-1800000-2;0.574366569519043;5270556.0
1624836160.1803339;endExecution-7-1800000-2;0.004862070083618164;40161.0
1624836160.185196;execution-7-1800000-3;0.575143575668335;5279954.0
1624836160.7603395;endExecution-7-1800000-3;0.004890918731689453;38635.0
1624836160.7652304;execution-8-1800000-1;164.5571129322052;2078640187.0
1624836325.3223433;endExecution-8-1800000-1;0.005076885223388672;40527.0
1624836325.3274202;execution-8-1800000-2;164.1441991329193;2075720333.0
1624836489.4716194;endExecution-8-1800000-2;0.005136966705322266;41199.0
1624836489.4767563;execution-8-1800000-3;165.52205896377563;2083827002.0
1624836654.9988153;endExecution-8-1800000-3;0.006499528884887695;46142.0
1624836655.0053148;execution-1-1700000-1;508.55186676979065;4453290358.0
1624837163.5571816;endExecution-1-1700000-1;0.005455493927001953;45532.0
1624837163.562637;execution-1-1700000-2;508.5072031021118;4451846940.0
1624837672.0698402;endExecution-1-1700000-2;0.005452632904052734;45471.0
1624837672.0752928;execution-1-1700000-3;508.63623213768005;4453478101.0
1624838180.711525;endExecution-1-1700000-3;0.00540614128112793;37842.0
1624838180.716931;execution-2-1700000-1;272.47343587875366;2842489794.0
1624838453.190367;endExecution-2-1700000-1;0.005408287048339844;40039.0
1624838453.1957753;execution-2-1700000-2;271.1821172237396;2835692997.0
1624838724.3778925;endExecution-2-1700000-2;0.005458354949951172;39672.0
1624838724.3833508;execution-2-1700000-3;272.4038579463959;2833041454.0
1624838996.7872088;endExecution-2-1700000-3;0.005359172821044922;45288.0
1624838996.792568;execution-3-1700000-1;0.615692138671875;5408189.0
1624838997.40826;endExecution-3-1700000-1;0.005265474319458008;47790.0
1624838997.4135256;execution-3-1700000-2;0.6121184825897217;5370348.0
1624838998.025644;endExecution-3-1700000-2;0.005129098892211914;39734.0
1624838998.0307732;execution-3-1700000-3;0.6077854633331299;5354905.0
1624838998.6385586;endExecution-3-1700000-3;0.0051805973052978516;39063.0
1624838998.6437392;execution-4-1700000-1;206.45201444625854;2368563883.0
1624839205.0957537;endExecution-4-1700000-1;0.005450248718261719;47180.0
1624839205.101204;execution-4-1700000-2;214.11187744140625;2414749189.0
1624839419.2130814;endExecution-4-1700000-2;0.005362272262573242;39917.0
1624839419.2184436;execution-4-1700000-3;214.57641434669495;2425817886.0
1624839633.794858;endExecution-4-1700000-3;0.0052492618560791016;40284.0
1624839633.8001072;execution-5-1700000-1;0.6147723197937012;5433335.0
1624839634.4148796;endExecution-5-1700000-1;0.005360841751098633;49988.0
1624839634.4202404;execution-5-1700000-2;0.6084287166595459;5379808.0
1624839635.028669;endExecution-5-1700000-2;0.0054166316986083984;39184.0
1624839635.0340858;execution-5-1700000-3;0.6058332920074463;5365404.0
1624839635.639919;endExecution-5-1700000-3;0.005393028259277344;48706.0
1624839635.645312;execution-6-1700000-1;0.6087307929992676;5422838.0
1624839636.2540429;endExecution-6-1700000-1;0.005346059799194336;46203.0
1624839636.259389;execution-6-1700000-2;0.6112351417541504;5389574.0
1624839636.870624;endExecution-6-1700000-2;0.00533747673034668;38452.0
1624839636.8759615;execution-6-1700000-3;0.606414794921875;5356554.0
1624839637.4823763;endExecution-6-1700000-3;0.0052890777587890625;38635.0
1624839637.4876654;execution-7-1700000-1;0.6099507808685303;5396959.0
1624839638.0976162;endExecution-7-1700000-1;0.00533604621887207;38879.0
1624839638.1029522;execution-7-1700000-2;0.6364994049072266;5555406.0
1624839638.7394516;endExecution-7-1700000-2;0.0052793025970458984;38146.0
1624839638.744731;execution-7-1700000-3;0.6084737777709961;5374193.0
1624839639.3532047;endExecution-7-1700000-3;0.005217075347900391;46204.0
1624839639.3584218;execution-8-1700000-1;173.14776182174683;2076596368.0
1624839812.5061836;endExecution-8-1700000-1;0.0052759647369384766;39734.0
1624839812.5114596;execution-8-1700000-2;172.0507047176361;2062940275.0
1624839984.5621643;endExecution-8-1700000-2;0.005399465560913086;38025.0
1624839984.5675638;execution-8-1700000-3;172.57064723968506;2072743534.0
1624840157.138211;endExecution-8-1700000-3;0.007066488265991211;52002.0
1624840157.1452775;execution-1-1500000-1;575.3416540622711;4600615603.0
1624840732.4869316;endExecution-1-1500000-1;0.00607609748840332;43640.0
1624840732.4930077;execution-1-1500000-2;575.4773709774017;4604069146.0
1624841307.9703786;endExecution-1-1500000-2;0.00603795051574707;44067.0
1624841307.9764166;execution-1-1500000-3;575.2765026092529;4601629150.0
1624841883.2529192;endExecution-1-1500000-3;0.005940914154052734;44922.0
1624841883.25886;execution-2-1500000-1;307.2489778995514;2873373015.0
1624842190.507838;endExecution-2-1500000-1;0.006239652633666992;50049.0
1624842190.5140777;execution-2-1500000-2;306.4558746814728;2868286114.0
1624842496.9699523;endExecution-2-1500000-2;0.00603485107421875;42847.0
1624842496.9759872;execution-2-1500000-3;307.60574173927307;2878312883.0
1624842804.581729;endExecution-2-1500000-3;0.006090879440307617;44128.0
1624842804.5878198;execution-3-1500000-1;0.695709228515625;5600877.0
1624842805.283529;endExecution-3-1500000-1;0.005934238433837891;43640.0
1624842805.2894633;execution-3-1500000-2;0.6903951168060303;5566331.0
1624842805.9798584;endExecution-3-1500000-2;0.006029367446899414;42541.0
1624842805.9858878;execution-3-1500000-3;0.6928646564483643;5582933.0
1624842806.6787524;endExecution-3-1500000-3;0.006104469299316406;41076.0
1624842806.684857;execution-4-1500000-1;240.80863976478577;2440330850.0
1624843047.4934967;endExecution-4-1500000-1;0.005863666534423828;42542.0
1624843047.4993603;execution-4-1500000-2;242.82974338531494;2463118999.0
1624843290.3291037;endExecution-4-1500000-2;0.005904436111450195;42908.0
1624843290.3350081;execution-4-1500000-3;248.2992353439331;2457978021.0
1624843538.6342435;endExecution-4-1500000-3;0.006142139434814453;42664.0
1624843538.6403856;execution-5-1500000-1;0.6953718662261963;5623887.0
1624843539.3357575;endExecution-5-1500000-1;0.005967617034912109;41076.0
1624843539.341725;execution-5-1500000-2;0.6891405582427979;5550950.0
1624843540.0308657;endExecution-5-1500000-2;0.005936384201049805;40955.0
1624843540.036802;execution-5-1500000-3;0.6905090808868408;5554002.0
1624843540.7273111;endExecution-5-1500000-3;0.006165742874145508;50415.0
1624843540.7334769;execution-6-1500000-1;0.686007022857666;5525132.0
1624843541.419484;endExecution-6-1500000-1;0.0061452388763427734;42358.0
1624843541.4256291;execution-6-1500000-2;0.6864705085754395;5524644.0
1624843542.1120996;endExecution-6-1500000-2;0.006168842315673828;42481.0
1624843542.1182685;execution-6-1500000-3;0.6889495849609375;5546250.0
1624843542.807218;endExecution-6-1500000-3;0.006183624267578125;43091.0
1624843542.8134017;execution-7-1500000-1;0.6936790943145752;5599412.0
1624843543.5070808;endExecution-7-1500000-1;0.006117343902587891;41870.0
1624843543.5131981;execution-7-1500000-2;0.6915402412414551;5579209.0
1624843544.2047384;endExecution-7-1500000-2;0.00609135627746582;43945.0
1624843544.2108297;execution-7-1500000-3;0.6888971328735352;5553941.0
1624843544.8997269;endExecution-7-1500000-3;0.006173849105834961;41260.0
1624843544.9059007;execution-8-1500000-1;192.28557586669922;2068429641.0
1624843737.1914766;endExecution-8-1500000-1;0.00597381591796875;44129.0
1624843737.1974504;execution-8-1500000-2;191.64683532714844;2064963646.0
1624843928.8442857;endExecution-8-1500000-2;0.005964994430541992;43152.0
1624843928.8502507;execution-8-1500000-3;192.06165766716003;2072096502.0
1624844120.9119084;endExecution-8-1500000-3;0.0077250003814697266;54504.0
1624844120.9196334;execution-1-1400000-1;615.8729908466339;4791300235.0
1624844736.7926242;endExecution-1-1400000-1;0.006391048431396484;48645.0
1624844736.7990153;execution-1-1400000-2;616.3785939216614;4778861301.0
1624845353.1776092;endExecution-1-1400000-2;0.00639796257019043;40893.0
1624845353.1840072;execution-1-1400000-3;615.6210551261902;4792924193.0
1624845968.8050623;endExecution-1-1400000-3;0.006428718566894531;40100.0
1624845968.811491;execution-2-1400000-1;329.16601395606995;2941042336.0
1624846297.977505;endExecution-2-1400000-1;0.006354093551635742;50415.0
1624846297.983859;execution-2-1400000-2;328.62271213531494;2933712888.0
1624846626.6065712;endExecution-2-1400000-2;0.006556987762451172;51758.0
1624846626.6131282;execution-2-1400000-3;327.9649987220764;2929455635.0
1624846954.578127;endExecution-2-1400000-3;0.0064792633056640625;49255.0
1624846954.5846062;execution-3-1400000-1;0.7407503128051758;5697556.0
1624846955.3253565;endExecution-3-1400000-1;0.006436347961425781;46631.0
1624846955.3317928;execution-3-1400000-2;0.7397847175598145;5720261.0
1624846956.0715775;endExecution-3-1400000-2;0.006501436233520508;41809.0
1624846956.078079;execution-3-1400000-3;0.7388575077056885;5692552.0
1624846956.8169365;endExecution-3-1400000-3;0.006497383117675781;42236.0
1624846956.8234339;execution-4-1400000-1;265.9235882759094;2467152986.0
1624847222.7470222;endExecution-4-1400000-1;0.006548881530761719;48645.0
1624847222.753571;execution-4-1400000-2;265.49732875823975;2458269891.0
1624847488.2508998;endExecution-4-1400000-2;0.0066225528717041016;46691.0
1624847488.2575223;execution-4-1400000-3;261.0508015155792;2449654984.0
1624847749.3083239;endExecution-4-1400000-3;0.006520271301269531;48584.0
1624847749.3148441;execution-5-1400000-1;0.7433784008026123;5741440.0
1624847750.0582225;endExecution-5-1400000-1;0.006276130676269531;41260.0
1624847750.0644987;execution-5-1400000-2;0.7483811378479004;5806382.0
1624847750.8128798;endExecution-5-1400000-2;0.006430864334106445;41564.0
1624847750.8193107;execution-5-1400000-3;0.7458279132843018;5704576.0
1624847751.5651386;endExecution-5-1400000-3;0.006434202194213867;49316.0
1624847751.5715728;execution-6-1400000-1;0.7377603054046631;5665757.0
1624847752.309333;endExecution-6-1400000-1;0.0064351558685302734;46387.0
1624847752.3157682;execution-6-1400000-2;0.7358312606811523;5647385.0
1624847753.0515995;endExecution-6-1400000-2;0.0064465999603271484;49316.0
1624847753.058046;execution-6-1400000-3;0.7412624359130859;5691392.0
1624847753.7993085;endExecution-6-1400000-3;0.0064411163330078125;46631.0
1624847753.8057497;execution-7-1400000-1;0.7399134635925293;5682053.0
1624847754.545663;endExecution-7-1400000-1;0.006392002105712891;43030.0
1624847754.5520551;execution-7-1400000-2;0.740138053894043;5696518.0
1624847755.2921932;endExecution-7-1400000-2;0.006418466567993164;49256.0
1624847755.2986116;execution-7-1400000-3;0.7383167743682861;5701767.0
1624847756.0369284;endExecution-7-1400000-3;0.006369113922119141;41199.0
1624847756.0432975;execution-8-1400000-1;204.26101565361023;2082303812.0
1624847960.3043132;endExecution-8-1400000-1;0.006381511688232422;41504.0
1624847960.3106947;execution-8-1400000-2;203.83969044685364;2081640362.0
1624848164.1503851;endExecution-8-1400000-2;0.006607770919799805;50354.0
1624848164.156993;execution-8-1400000-3;204.81038546562195;2090595722.0
1624848368.9673784;endExecution-8-1400000-3;0.008085966110229492;53467.0
1624848368.9754643;execution-1-1300000-1;663.0101466178894;4898244296.0
1624849031.985611;endExecution-1-1300000-1;0.006883382797241211;47119.0
1624849031.9924943;execution-1-1300000-2;663.3350346088409;4895133404.0
1624849695.327529;endExecution-1-1300000-2;0.00708770751953125;45471.0
1624849695.3346167;execution-1-1300000-3;663.5254211425781;4896195534.0
1624850358.8600378;endExecution-1-1300000-3;0.006842374801635742;46387.0
1624850358.8668802;execution-2-1300000-1;353.619793176651;2996295125.0
1624850712.4866734;endExecution-2-1300000-1;0.0069353580474853516;44067.0
1624850712.4936087;execution-2-1300000-2;353.153883934021;2999214856.0
1624851065.6474926;endExecution-2-1300000-2;0.006850004196166992;46936.0
1624851065.6543427;execution-2-1300000-3;354.27646565437317;3008752124.0
1624851419.9308083;endExecution-2-1300000-3;0.0069427490234375;46448.0
1624851419.937751;execution-3-1300000-1;0.8026626110076904;5964584.0
1624851420.7404137;endExecution-3-1300000-1;0.006788492202758789;39002.0
1624851420.7472022;execution-3-1300000-2;0.7909708023071289;5848495.0
1624851421.538173;endExecution-3-1300000-2;0.006811380386352539;46814.0
1624851421.5449843;execution-3-1300000-3;0.8133456707000732;5975632.0
1624851422.35833;endExecution-3-1300000-3;0.007054328918457031;45166.0
1624851422.3653843;execution-4-1300000-1;277.33206963539124;2520618181.0
1624851699.697454;endExecution-4-1300000-1;0.006956338882446289;47851.0
1624851699.7044103;execution-4-1300000-2;279.421138048172;2526099185.0
1624851979.1255484;endExecution-4-1300000-2;0.007033824920654297;47669.0
1624851979.1325822;execution-4-1300000-3;277.3189594745636;2526020511.0
1624852256.4515417;endExecution-4-1300000-3;0.0067615509033203125;39855.0
1624852256.4583032;execution-5-1300000-1;0.7999718189239502;5908371.0
1624852257.258275;endExecution-5-1300000-1;0.006546974182128906;45899.0
1624852257.264822;execution-5-1300000-2;0.7961676120758057;5876389.0
1624852258.0609896;endExecution-5-1300000-2;0.006619930267333984;45227.0
1624852258.0676095;execution-5-1300000-3;0.7947218418121338;5863083.0
1624852258.8623314;endExecution-5-1300000-3;0.006635189056396484;46813.0
1624852258.8689666;execution-6-1300000-1;0.7956516742706299;5870713.0
1624852259.6646183;endExecution-6-1300000-1;0.006642818450927734;39978.0
1624852259.671261;execution-6-1300000-2;0.800091028213501;5939194.0
1624852260.471352;endExecution-6-1300000-2;0.006578922271728516;45166.0
1624852260.477931;execution-6-1300000-3;0.7934060096740723;5855820.0
1624852261.271337;endExecution-6-1300000-3;0.00743556022644043;58105.0
1624852261.2787726;execution-7-1300000-1;0.7953968048095703;5913498.0
1624852262.0741694;endExecution-7-1300000-1;0.00658416748046875;45898.0
1624852262.0807536;execution-7-1300000-2;0.7966654300689697;5887314.0
1624852262.877419;endExecution-7-1300000-2;0.0065233707427978516;45777.0
1624852262.8839424;execution-7-1300000-3;0.7971336841583252;5919296.0
1624852263.681076;endExecution-7-1300000-3;0.007086753845214844;52307.0
1624852263.6881628;execution-8-1300000-1;218.75895524024963;2105439251.0
1624852482.447118;endExecution-8-1300000-1;0.0068395137786865234;40039.0
1624852482.4539576;execution-8-1300000-2;218.9500184059143;2115322344.0
1624852701.403976;endExecution-8-1300000-2;0.00710606575012207;46935.0
1624852701.411082;execution-8-1300000-3;218.77006149291992;2116991163.0
1624852920.1811435;endExecution-8-1300000-3;0.009123086929321289;64819.0
1624852920.1902666;execution-1-1200000-1;702.7289638519287;4995599699.0
1624853622.9192305;endExecution-1-1200000-1;0.007624149322509766;44922.0
1624853622.9268546;execution-1-1200000-2;715.4494254589081;5020353359.0
1624854338.37628;endExecution-1-1200000-2;0.007220268249511719;45227.0
1624854338.3835003;execution-1-1200000-3;708.4825482368469;5007568784.0
1624855046.8660486;endExecution-1-1200000-3;0.007784605026245117;51819.0
1624855046.8738332;execution-2-1200000-1;383.41689920425415;3084037149.0
1624855430.2907324;endExecution-2-1200000-1;0.007510662078857422;52063.0
1624855430.298243;execution-2-1200000-2;382.8253753185272;3081352829.0
1624855813.1236184;endExecution-2-1200000-2;0.007607460021972656;50964.0
1624855813.1312258;execution-2-1200000-3;383.6025815010071;3084345437.0
1624856196.7338073;endExecution-2-1200000-3;0.007436275482177734;52612.0
1624856196.7412436;execution-3-1200000-1;0.865532636642456;6130233.0
1624856197.6067762;endExecution-3-1200000-1;0.007327556610107422;51941.0
1624856197.6141038;execution-3-1200000-2;0.8654046058654785;6145736.0
1624856198.4795084;endExecution-3-1200000-2;0.007514238357543945;51392.0
1624856198.4870226;execution-3-1200000-3;0.8653149604797363;6147018.0
1624856199.3523376;endExecution-3-1200000-3;0.007227182388305664;44800.0
1624856199.3595648;execution-4-1200000-1;290.7690827846527;2531589039.0
1624856490.1286476;endExecution-4-1200000-1;0.00754237174987793;51818.0
1624856490.13619;execution-4-1200000-2;297.172315120697;2571983345.0
1624856787.308505;endExecution-4-1200000-2;0.007483243942260742;44739.0
1624856787.3159883;execution-4-1200000-3;296.4387834072113;2572501776.0
1624857083.7547717;endExecution-4-1200000-3;0.007642507553100586;49683.0
1624857083.7624142;execution-5-1200000-1;0.8659460544586182;6144576.0
1624857084.6283603;endExecution-5-1200000-1;0.007175445556640625;42297.0
1624857084.6355357;execution-5-1200000-2;0.8597533702850342;6100876.0
1624857085.495289;endExecution-5-1200000-2;0.0071697235107421875;45532.0
1624857085.5024588;execution-5-1200000-3;0.8605172634124756;6122482.0
1624857086.362976;endExecution-5-1200000-3;0.00714564323425293;44922.0
1624857086.3701217;execution-6-1200000-1;0.8648736476898193;6143417.0
1624857087.2349954;endExecution-6-1200000-1;0.007119178771972656;44982.0
1624857087.2421145;execution-6-1200000-2;0.860863447189331;6118332.0
1624857088.102978;endExecution-6-1200000-2;0.007127046585083008;45837.0
1624857088.110105;execution-6-1200000-3;0.8628661632537842;6128830.0
1624857088.9729712;endExecution-6-1200000-3;0.0072209835052490234;45654.0
1624857088.9801922;execution-7-1200000-1;0.8670628070831299;6155502.0
1624857089.847255;endExecution-7-1200000-1;0.007165431976318359;51757.0
1624857089.8544204;execution-7-1200000-2;0.8638443946838379;6117599.0
1624857090.7182648;endExecution-7-1200000-2;0.007111787796020508;52491.0
1624857090.7253766;execution-7-1200000-3;0.8637821674346924;6129501.0
1624857091.5891588;endExecution-7-1200000-3;0.0073261260986328125;54260.0
1624857091.596485;execution-8-1200000-1;234.65014839172363;2152841473.0
1624857326.2466333;endExecution-8-1200000-1;0.007699489593505859;51575.0
1624857326.2543328;execution-8-1200000-2;235.34529042243958;2157816680.0
1624857561.5996232;endExecution-8-1200000-2;0.007250547409057617;45593.0
1624857561.6068738;execution-8-1200000-3;235.27116203308105;2157266206.0
1624857796.8780358;endExecution-8-1200000-3;0.008975028991699219;56763.0
1624857796.8870108;execution-1-1100000-1;713.0092523097992;5016691076.0
1624858509.8962631;endExecution-1-1100000-1;0.007418394088745117;44860.0
1624858509.9036815;execution-1-1100000-2;711.5725491046906;5019472502.0
1624859221.4762306;endExecution-1-1100000-2;0.007517814636230469;46265.0
1624859221.4837484;execution-1-1100000-3;713.7738947868347;5035542956.0
1624859935.2576432;endExecution-1-1100000-3;0.007439613342285156;51879.0
1624859935.2650828;execution-2-1100000-1;388.4096870422363;3104680407.0
1624860323.6747699;endExecution-2-1100000-1;0.00765228271484375;51697.0
1624860323.6824222;execution-2-1100000-2;385.67207622528076;3096105721.0
1624860709.3544984;endExecution-2-1100000-2;0.007498741149902344;51453.0
1624860709.3619971;execution-2-1100000-3;386.02792286872864;3091150533.0
1624861095.38992;endExecution-2-1100000-3;0.007235288619995117;44800.0
1624861095.3971553;execution-3-1100000-1;0.8702688217163086;6166976.0
1624861096.267424;endExecution-3-1100000-1;0.007207393646240234;45472.0
1624861096.2746315;execution-3-1100000-2;0.8613917827606201;6102645.0
1624861097.1360233;endExecution-3-1100000-2;0.007203817367553711;44617.0
1624861097.143227;execution-3-1100000-3;0.8692526817321777;6199019.0
1624861098.0124798;endExecution-3-1100000-3;0.007159233093261719;44800.0
1624861098.019639;execution-4-1100000-1;311.8772494792938;2613826866.0
1624861409.8968885;endExecution-4-1100000-1;0.007436037063598633;46692.0
1624861409.9043245;execution-4-1100000-2;313.2142412662506;2614879109.0
1624861723.1185658;endExecution-4-1100000-2;0.0073566436767578125;45654.0
1624861723.1259224;execution-4-1100000-3;314.81039476394653;2604827011.0
1624862037.9363172;endExecution-4-1100000-3;0.00741887092590332;44921.0
1624862037.943736;execution-5-1100000-1;0.8719637393951416;6186325.0
1624862038.8156998;endExecution-5-1100000-1;0.007384300231933594;44983.0
1624862038.823084;execution-5-1100000-2;0.8679559230804443;6156783.0
1624862039.69104;endExecution-5-1100000-2;0.007527589797973633;51026.0
1624862039.6985676;execution-5-1100000-3;0.8815226554870605;6233443.0
1624862040.5800903;endExecution-5-1100000-3;0.007597446441650391;50171.0
1624862040.5876877;execution-6-1100000-1;0.876544713973999;6191879.0
1624862041.4642324;endExecution-6-1100000-1;0.007804155349731445;51269.0
1624862041.4720366;execution-6-1100000-2;0.8728666305541992;6189376.0
1624862042.3449032;endExecution-6-1100000-2;0.007508516311645508;50598.0
1624862042.3524117;execution-6-1100000-3;0.8685030937194824;6168991.0
1624862043.2209148;endExecution-6-1100000-3;0.0074269771575927734;51025.0
1624862043.2283418;execution-7-1100000-1;0.8674399852752686;6157882.0
1624862044.0957818;endExecution-7-1100000-1;0.00736236572265625;44678.0
1624862044.1031442;execution-7-1100000-2;0.8647997379302979;6123825.0
1624862044.967944;endExecution-7-1100000-2;0.007353544235229492;52184.0
1624862044.9752975;execution-7-1100000-3;0.8643720149993896;6124191.0
1624862045.8396695;endExecution-7-1100000-3;0.007553815841674805;48584.0
1624862045.8472233;execution-8-1100000-1;245.4871757030487;2190146981.0
1624862291.334399;endExecution-8-1100000-1;0.007336854934692383;45349.0
1624862291.3417358;execution-8-1100000-2;243.82651829719543;2180413486.0
1624862535.1682541;endExecution-8-1100000-2;0.007328987121582031;51635.0
1624862535.1755831;execution-8-1100000-3;244.21177411079407;2182124358.0
1624862779.3873572;endExecution-8-1100000-3;0.009183168411254883;56091.0
1624862779.3965404;execution-1-1000000-1;717.4938735961914;5030131654.0
1624863496.890414;endExecution-1-1000000-1;0.007515907287597656;43701.0
1624863496.89793;execution-1-1000000-2;718.4902682304382;5029357181.0
1624864215.3881981;endExecution-1-1000000-2;0.007639884948730469;43274.0
1624864215.395838;execution-1-1000000-3;711.6146268844604;5027390389.0
1624864927.010465;endExecution-1-1000000-3;0.007590055465698242;51880.0
1624864927.018055;execution-2-1000000-1;389.3467466831207;3112284696.0
1624865316.3648016;endExecution-2-1000000-1;0.007564544677734375;52307.0
1624865316.3723662;execution-2-1000000-2;388.81366753578186;3110061008.0
1624865705.1860337;endExecution-2-1000000-2;0.007518291473388672;44922.0
1624865705.193552;execution-2-1000000-3;387.4216351509094;3103666005.0
1624866092.6151872;endExecution-2-1000000-3;0.007723808288574219;50537.0
1624866092.622911;execution-3-1000000-1;0.868220329284668;6159347.0
1624866093.4911313;endExecution-3-1000000-1;0.007534503936767578;44555.0
1624866093.4986658;execution-3-1000000-2;0.8601481914520264;6102401.0
1624866094.358814;endExecution-3-1000000-2;0.00765228271484375;50049.0
1624866094.3664663;execution-3-1000000-3;0.865741491317749;6162155.0
1624866095.2322078;endExecution-3-1000000-3;0.007918119430541992;49316.0
1624866095.240126;execution-4-1000000-1;306.6437623500824;-259550005777.0
1624866401.8838882;endExecution-4-1000000-1;0.0073621273040771484;45654.0
1624866401.8912504;execution-4-1000000-2;311.1575355529785;2615610308.0
1624866713.048786;endExecution-4-1000000-2;0.0076122283935546875;45105.0
1624866713.0563982;execution-4-1000000-3;314.7470033168793;2631074563.0
1624867027.8034015;endExecution-4-1000000-3;0.007549762725830078;51941.0
1624867027.8109512;execution-5-1000000-1;0.8676352500915527;6149704.0
1624867028.6785865;endExecution-5-1000000-1;0.007200479507446289;44677.0
1624867028.685787;execution-5-1000000-2;0.8640401363372803;6119186.0
1624867029.549827;endExecution-5-1000000-2;0.007179975509643555;45899.0
1624867029.557007;execution-5-1000000-3;0.8640806674957275;6129379.0
1624867030.4210877;endExecution-5-1000000-3;0.00714564323425293;45349.0
1624867030.4282334;execution-6-1000000-1;0.8700227737426758;6166121.0
1624867031.2982562;endExecution-6-1000000-1;0.00720977783203125;52124.0
1624867031.305466;execution-6-1000000-2;0.862382173538208;6120773.0
1624867032.167848;endExecution-6-1000000-2;0.007263660430908203;43152.0
1624867032.1751118;execution-6-1000000-3;0.864166259765625;6121994.0
1624867033.039278;endExecution-6-1000000-3;0.0073032379150390625;52429.0
1624867033.0465813;execution-7-1000000-1;0.8628301620483398;6114364.0
1624867033.9094114;endExecution-7-1000000-1;0.007194042205810547;52612.0
1624867033.9166055;execution-7-1000000-2;0.8647408485412598;6127792.0
1624867034.7813463;endExecution-7-1000000-2;0.007262706756591797;52124.0
1624867034.788609;execution-7-1000000-3;0.863029956817627;6121078.0
1624867035.651639;endExecution-7-1000000-3;0.007269144058227539;44922.0
1624867035.6589081;execution-8-1000000-1;246.62763476371765;2186405779.0
1624867282.286543;endExecution-8-1000000-1;0.00726771354675293;45410.0
1624867282.2938106;execution-8-1000000-2;243.7662091255188;2177587688.0
1624867526.0600197;endExecution-8-1000000-2;0.0074498653411865234;46447.0
1624867526.0674696;execution-8-1000000-3;242.439147233963;2174872118.0
1624867768.5066168;endExecution-8-1000000-3;0.00899505615234375;58655.0
1624867768.515612;execution-1-900000-1;711.7483932971954;5018248078.0
1624868480.2640052;endExecution-1-900000-1;0.007195472717285156;45349.0
1624868480.2712007;execution-1-900000-2;711.3112506866455;5021965354.0
1624869191.5824513;endExecution-1-900000-2;0.007282733917236328;45105.0
1624869191.589734;execution-1-900000-3;709.5527789592743;5013925641.0
1624869901.142513;endExecution-1-900000-3;0.007341146469116211;45837.0
1624869901.1498542;execution-2-900000-1;389.32903933525085;3108282510.0
1624870290.4788935;endExecution-2-900000-1;0.007554054260253906;51757.0
1624870290.4864476;execution-2-900000-2;387.54853439331055;3103123770.0
1624870678.034982;endExecution-2-900000-2;0.007264614105224609;48706.0
1624870678.0422466;execution-2-900000-3;385.16920948028564;3092345965.0
1624871063.211456;endExecution-2-900000-3;0.0074863433837890625;44800.0
1624871063.2189424;execution-3-900000-1;0.8778905868530273;6227767.0
1624871064.096833;endExecution-3-900000-1;0.007451534271240234;52429.0
1624871064.1042845;execution-3-900000-2;0.8655948638916016;6135056.0
1624871064.9698794;endExecution-3-900000-2;0.007447481155395508;52184.0
1624871064.9773269;execution-3-900000-3;0.8675222396850586;6164596.0
1624871065.844849;endExecution-3-900000-3;0.0074274539947509766;52796.0
1624871065.8522766;execution-4-900000-1;311.03379559516907;2599658201.0
1624871376.8860722;endExecution-4-900000-1;0.007719755172729492;44250.0
1624871376.893792;execution-4-900000-2;310.73192501068115;2606206097.0
1624871687.625717;endExecution-4-900000-2;0.007730007171630859;52368.0
1624871687.633447;execution-4-900000-3;315.2675623893738;2619245675.0
1624872002.9010093;endExecution-4-900000-3;0.00731968879699707;45776.0
1624872002.908329;execution-5-900000-1;0.8639805316925049;6125106.0
1624872003.7723095;endExecution-5-900000-1;0.007124900817871094;44678.0
1624872003.7794344;execution-5-900000-2;0.8697383403778076;6170455.0
1624872004.6491728;endExecution-5-900000-2;0.00718379020690918;45838.0
1624872004.6563566;execution-5-900000-3;0.8651940822601318;6152572.0
1624872005.5215507;endExecution-5-900000-3;0.007170915603637695;52795.0
1624872005.5287216;execution-6-900000-1;0.8614301681518555;6109543.0
1624872006.3901517;endExecution-6-900000-1;0.00713801383972168;44921.0
1624872006.3972898;execution-6-900000-2;0.8628959655761719;6137070.0
1624872007.2601857;endExecution-6-900000-2;0.007147550582885742;45837.0
1624872007.2673333;execution-6-900000-3;0.8601357936859131;6096542.0
1624872008.127469;endExecution-6-900000-3;0.007215976715087891;51819.0
1624872008.134685;execution-7-900000-1;0.8665406703948975;6144393.0
1624872009.0012257;endExecution-7-900000-1;0.007233381271362305;44128.0
1624872009.008459;execution-7-900000-2;0.8626830577850342;6107834.0
1624872009.8711421;endExecution-7-900000-2;0.0071964263916015625;45044.0
1624872009.8783386;execution-7-900000-3;0.8649859428405762;6141708.0
1624872010.7433245;endExecution-7-900000-3;0.007867097854614258;49499.0
1624872010.7511916;execution-8-900000-1;249.57386684417725;2207569117.0
1624872260.3250585;endExecution-8-900000-1;0.007524013519287109;51513.0
1624872260.3325825;execution-8-900000-2;241.9274022579193;2174389697.0
1624872502.2599847;endExecution-8-900000-2;0.007383823394775391;45044.0
1624872502.2673686;execution-8-900000-3;241.09208917617798;2170254149.0
1624872743.3594577;endExecution-8-900000-3;0.009279012680053711;62988.0
1624872743.3687367;execution-1-800000-1;715.2419500350952;5025460829.0
1624873458.6106868;endExecution-1-800000-1;0.007331371307373047;43151.0
1624873458.6180182;execution-1-800000-2;711.4155995845795;5023764727.0
1624874170.0336177;endExecution-1-800000-2;0.0072629451751708984;45838.0
1624874170.0408807;execution-1-800000-3;693.4893817901611;4976348466.0
1624874863.5302625;endExecution-1-800000-3;0.007590532302856445;44678.0
1624874863.537853;execution-2-800000-1;358.2486002445221;-67085826429.0
1624875221.7864532;endExecution-2-800000-1;0.00434565544128418;36743.0
1624875221.790799;execution-2-800000-2;211.70377731323242;2830815629.0
1624875433.4945762;endExecution-2-800000-2;0.004156351089477539;37659.0
1624875433.4987326;execution-2-800000-3;212.71808505058289;2841049428.0
1624875646.2168176;endExecution-2-800000-3;0.004299163818359375;37171.0
1624875646.2211168;execution-3-800000-1;0.4704146385192871;5130846.0
1624875646.6915314;endExecution-3-800000-1;0.004219770431518555;35889.0
1624875646.6957512;execution-3-800000-2;0.46965622901916504;5111986.0
1624875647.1654074;endExecution-3-800000-2;0.004296541213989258;35522.0
1624875647.169704;execution-3-800000-3;0.46636319160461426;5080371.0
1624875647.6360672;endExecution-3-800000-3;0.004297971725463867;45410.0
1624875647.6403651;execution-4-800000-1;169.50696992874146;2464001260.0
1624875817.147335;endExecution-4-800000-1;0.00435948371887207;37476.0
1624875817.1516945;execution-4-800000-2;170.34632968902588;2459421926.0
1624875987.4980242;endExecution-4-800000-2;0.004320383071899414;47119.0
1624875987.5023446;execution-4-800000-3;167.38407683372498;2475720225.0
1624876154.8864214;endExecution-4-800000-3;0.004539966583251953;49682.0
1624876154.8909614;execution-5-800000-1;0.4674408435821533;5195483.0
1624876155.3584023;endExecution-5-800000-1;0.0043795108795166016;47973.0
1624876155.3627818;execution-5-800000-2;0.4702765941619873;5223498.0
1624876155.8330584;endExecution-5-800000-2;0.004444122314453125;37841.0
1624876155.8375025;execution-5-800000-3;0.4971432685852051;5353441.0
1624876156.3346457;endExecution-5-800000-3;0.004340410232543945;46265.0
1624876156.3389862;execution-6-800000-1;0.4720118045806885;5215074.0
1624876156.810998;endExecution-6-800000-1;0.004544496536254883;36438.0
1624876156.8155425;execution-6-800000-2;0.47242307662963867;5277513.0
1624876157.2879655;endExecution-6-800000-2;0.0043866634368896484;37110.0
1624876157.2923522;execution-6-800000-3;0.46875786781311035;5164720.0
1624876157.76111;endExecution-6-800000-3;0.004445552825927734;37964.0
1624876157.7655556;execution-7-800000-1;0.47194623947143555;5226366.0
1624876158.2375019;endExecution-7-800000-1;0.004335165023803711;46875.0
1624876158.241837;execution-7-800000-2;0.4711034297943115;5210924.0
1624876158.7129405;endExecution-7-800000-2;0.004384279251098633;36987.0
1624876158.7173247;execution-7-800000-3;0.47146153450012207;5223009.0
1624876159.1887863;endExecution-7-800000-3;0.0043485164642333984;35706.0
1624876159.1931348;execution-8-800000-1;138.45666432380676;2170840207.0
1624876297.649799;endExecution-8-800000-1;0.0044858455657958984;49255.0
1624876297.654285;execution-8-800000-2;138.1803228855133;2166369393.0
1624876435.8346078;endExecution-8-800000-2;0.004425048828125;37842.0
1624876435.839033;execution-8-800000-3;137.93072748184204;2166968329.0
1624876573.7697604;endExecution-8-800000-3;0.052184343338012695;378234.0